To honour the JVM settings for this build a single-use Daemon process will be forked. For more on this, please refer to https://docs.gradle.org/8.5/userguide/gradle_daemon.html#sec:disabling_the_daemon in the Gradle documentation.
Daemon will be stopped at the end of the build

> Configure project :
MixinGradle is skipping eclipse integration, extension not found
Java: 17.0.19 JVM: 17.0.19+10-1-24.04.2-Ubuntu(Ubuntu) Arch: amd64
files(...) dependencies are not deobfuscated. Use a flatDir repository instead: https://docs.gradle.org/current/userguide/declaring_repositories.html#sub:flat_dir_resolver
Cannot deobfuscate dependency of type DefaultSelfResolvingDependency_Decorated, using obfuscated version!
Path for java installation '/usr/lib/jvm/openjdk-21' (Common Linux Locations) does not contain a java executable

> Task :downloadMcpConfig
> Task :extractSrg
> Task :createMcpToSrg

> Task :compileJava
/app/src/main/java/me/ichun/mods/morph/common/resource/ResourceHandler.java:6: error: package me.ichun.mods.morph.api.mob.trait does not exist
import me.ichun.mods.morph.api.mob.trait.Trait;
                                        ^
/app/src/main/java/me/ichun/mods/morph/common/morph/MorphInfoImpl.java:3: error: package me.ichun.mods.ichunutil.common.entity.util does not exist
import me.ichun.mods.ichunutil.common.entity.util.EntityHelper;
                                                 ^
/app/src/main/java/me/ichun/mods/morph/common/morph/MorphInfoImpl.java:4: error: package me.ichun.mods.morph.api.mob.trait does not exist
import me.ichun.mods.morph.api.mob.trait.Trait;
                                        ^
/app/src/main/java/me/ichun/mods/morph/common/morph/MorphInfoImpl.java:5: error: package me.ichun.mods.morph.api.morph does not exist
import me.ichun.mods.morph.api.morph.MorphInfo;
                                    ^
/app/src/main/java/me/ichun/mods/morph/common/morph/MorphInfoImpl.java:6: error: package me.ichun.mods.morph.api.morph does not exist
import me.ichun.mods.morph.api.morph.MorphVariant;
                                    ^
/app/src/main/java/me/ichun/mods/morph/common/morph/MorphInfoImpl.java:13: error: package net.minecraft.block does not exist
import net.minecraft.block.BlockState;
                          ^
/app/src/main/java/me/ichun/mods/morph/common/morph/MorphInfoImpl.java:14: error: package net.minecraft.entity does not exist
import net.minecraft.entity.EntityType;
                           ^
/app/src/main/java/me/ichun/mods/morph/common/morph/MorphInfoImpl.java:15: error: package net.minecraft.entity.ai.attributes does not exist
import net.minecraft.entity.ai.attributes.Attribute;
                                         ^
/app/src/main/java/me/ichun/mods/morph/common/morph/MorphInfoImpl.java:16: error: package net.minecraft.entity.ai.attributes does not exist
import net.minecraft.entity.ai.attributes.AttributeModifier;
                                         ^
/app/src/main/java/me/ichun/mods/morph/common/morph/MorphInfoImpl.java:17: error: package net.minecraft.entity.ai.attributes does not exist
import net.minecraft.entity.ai.attributes.Attributes;
                                         ^
/app/src/main/java/me/ichun/mods/morph/common/morph/MorphInfoImpl.java:18: error: package net.minecraft.entity.ai.attributes does not exist
import net.minecraft.entity.ai.attributes.ModifiableAttributeInstance;
                                         ^
/app/src/main/java/me/ichun/mods/morph/common/morph/MorphInfoImpl.java:19: error: package net.minecraft.entity.player does not exist
import net.minecraft.entity.player.PlayerEntity;
                                  ^
/app/src/main/java/me/ichun/mods/morph/common/morph/MorphInfoImpl.java:20: error: package net.minecraft.entity.player does not exist
import net.minecraft.entity.player.ServerPlayerEntity;
                                  ^
/app/src/main/java/me/ichun/mods/morph/common/morph/MorphInfoImpl.java:21: error: package net.minecraft.item does not exist
import net.minecraft.item.ItemStack;
                         ^
/app/src/main/java/me/ichun/mods/morph/common/morph/MorphInfoImpl.java:22: error: cannot find symbol
import net.minecraft.nbt.INBT;
                        ^
  symbol:   class INBT
  location: package net.minecraft.nbt
/app/src/main/java/me/ichun/mods/morph/common/morph/MorphInfoImpl.java:23: error: cannot find symbol
import net.minecraft.util.DamageSource;
                         ^
  symbol:   class DamageSource
  location: package net.minecraft.util
/app/src/main/java/me/ichun/mods/morph/common/morph/MorphInfoImpl.java:24: error: cannot find symbol
import net.minecraft.util.ResourceLocation;
                         ^
  symbol:   class ResourceLocation
  location: package net.minecraft.util
/app/src/main/java/me/ichun/mods/morph/common/morph/MorphInfoImpl.java:25: error: cannot find symbol
import net.minecraft.util.SoundEvent;
                         ^
  symbol:   class SoundEvent
  location: package net.minecraft.util
/app/src/main/java/me/ichun/mods/morph/common/morph/MorphInfoImpl.java:26: error: package net.minecraft.util.math does not exist
import net.minecraft.util.math.BlockPos;
                              ^
/app/src/main/java/me/ichun/mods/morph/common/morph/MorphInfoImpl.java:27: error: package net.minecraft.util.math does not exist
import net.minecraft.util.math.MathHelper;
                              ^
/app/src/main/java/me/ichun/mods/morph/common/morph/MorphInfoImpl.java:35: error: cannot find symbol
public class MorphInfoImpl extends MorphInfo
                                   ^
  symbol: class MorphInfo
/app/src/main/java/me/ichun/mods/morph/client/render/MorphRenderHandler.java:4: error: package com.mojang.blaze3d.matrix does not exist
import com.mojang.blaze3d.matrix.MatrixStack;
                                ^
/app/src/main/java/me/ichun/mods/morph/client/render/MorphRenderHandler.java:5: error: cannot find symbol
import com.mojang.blaze3d.vertex.IVertexBuilder;
                                ^
  symbol:   class IVertexBuilder
  location: package com.mojang.blaze3d.vertex
/app/src/main/java/me/ichun/mods/morph/client/render/MorphRenderHandler.java:6: error: package me.ichun.mods.ichunutil.client.model.util does not exist
import me.ichun.mods.ichunutil.client.model.util.ModelHelper;
                                                ^
/app/src/main/java/me/ichun/mods/morph/client/render/MorphRenderHandler.java:8: error: package me.ichun.mods.ichunutil.common.entity.util does not exist
import me.ichun.mods.ichunutil.common.entity.util.EntityHelper;
                                                 ^
/app/src/main/java/me/ichun/mods/morph/client/render/MorphRenderHandler.java:9: error: package me.ichun.mods.ichunutil.common.module.tabula.project does not exist
import me.ichun.mods.ichunutil.common.module.tabula.project.Project;
                                                           ^
/app/src/main/java/me/ichun/mods/morph/client/render/MorphRenderHandler.java:10: error: package me.ichun.mods.morph.api.morph does not exist
import me.ichun.mods.morph.api.morph.MorphInfo;
                                    ^
/app/src/main/java/me/ichun/mods/morph/client/render/MorphRenderHandler.java:11: error: package me.ichun.mods.morph.api.morph does not exist
import me.ichun.mods.morph.api.morph.MorphState;
                                    ^
/app/src/main/java/me/ichun/mods/morph/client/render/MorphRenderHandler.java:16: error: package net.minecraft.client.entity.player does not exist
import net.minecraft.client.entity.player.AbstractClientPlayerEntity;
                                         ^
/app/src/main/java/me/ichun/mods/morph/client/render/MorphRenderHandler.java:17: error: package net.minecraft.client.network.play does not exist
import net.minecraft.client.network.play.NetworkPlayerInfo;
                                        ^
/app/src/main/java/me/ichun/mods/morph/client/render/MorphRenderHandler.java:18: error: cannot find symbol
import net.minecraft.client.renderer.IRenderTypeBuffer;
                                    ^
  symbol:   class IRenderTypeBuffer
  location: package net.minecraft.client.renderer
/app/src/main/java/me/ichun/mods/morph/client/render/MorphRenderHandler.java:21: error: cannot find symbol
import net.minecraft.client.renderer.entity.LivingRenderer;
                                           ^
  symbol:   class LivingRenderer
  location: package net.minecraft.client.renderer.entity
/app/src/main/java/me/ichun/mods/morph/client/render/MorphRenderHandler.java:22: error: cannot find symbol
import net.minecraft.client.renderer.entity.PlayerRenderer;
                                           ^
  symbol:   class PlayerRenderer
  location: package net.minecraft.client.renderer.entity
/app/src/main/java/me/ichun/mods/morph/client/render/MorphRenderHandler.java:23: error: package net.minecraft.client.renderer.model does not exist
import net.minecraft.client.renderer.model.ModelRenderer;
                                          ^
/app/src/main/java/me/ichun/mods/morph/client/render/MorphRenderHandler.java:24: error: package net.minecraft.entity does not exist
import net.minecraft.entity.LivingEntity;
                           ^
/app/src/main/java/me/ichun/mods/morph/client/render/MorphRenderHandler.java:25: error: package net.minecraft.entity does not exist
import net.minecraft.entity.MobEntity;
                           ^
/app/src/main/java/me/ichun/mods/morph/client/render/MorphRenderHandler.java:26: error: package net.minecraft.entity.boss.dragon does not exist
import net.minecraft.entity.boss.dragon.EnderDragonEntity;
                                       ^
/app/src/main/java/me/ichun/mods/morph/client/render/MorphRenderHandler.java:27: error: package net.minecraft.entity.player does not exist
import net.minecraft.entity.player.PlayerEntity;
                                  ^
/app/src/main/java/me/ichun/mods/morph/client/render/MorphRenderHandler.java:28: error: package net.minecraft.network.play.server does not exist
import net.minecraft.network.play.server.SPlayerListItemPacket;
                                        ^
/app/src/main/java/me/ichun/mods/morph/client/render/MorphRenderHandler.java:29: error: package net.minecraft.util.math does not exist
import net.minecraft.util.math.MathHelper;
                              ^
/app/src/main/java/me/ichun/mods/morph/client/render/MorphRenderHandler.java:30: error: package net.minecraft.util.math.vector does not exist
import net.minecraft.util.math.vector.Vector3f;
                                     ^
/app/src/main/java/me/ichun/mods/morph/client/render/MorphRenderHandler.java:31: error: package net.minecraft.util.text does not exist
import net.minecraft.util.text.StringTextComponent;
                              ^
/app/src/main/java/me/ichun/mods/morph/client/render/MorphRenderHandler.java:32: error: cannot find symbol
import net.minecraft.world.GameType;
                          ^
  symbol:   class GameType
  location: package net.minecraft.world
/app/src/main/java/me/ichun/mods/morph/client/entity/EntityBiomassAbility.java:3: error: package me.ichun.mods.ichunutil.client.tracker does not exist
import me.ichun.mods.ichunutil.client.tracker.ClientEntityTracker;
                                             ^
/app/src/main/java/me/ichun/mods/morph/client/entity/EntityBiomassAbility.java:4: error: package me.ichun.mods.ichunutil.common.entity.util does not exist
import me.ichun.mods.ichunutil.common.entity.util.EntityHelper;
                                                 ^
/app/src/main/java/me/ichun/mods/morph/client/entity/EntityBiomassAbility.java:6: error: package net.minecraft.entity does not exist
import net.minecraft.entity.Entity;
                           ^
/app/src/main/java/me/ichun/mods/morph/client/entity/EntityBiomassAbility.java:7: error: package net.minecraft.entity does not exist
import net.minecraft.entity.EntityType;
                           ^
/app/src/main/java/me/ichun/mods/morph/client/entity/EntityBiomassAbility.java:8: error: package net.minecraft.entity.player does not exist
import net.minecraft.entity.player.PlayerEntity;
                                  ^
/app/src/main/java/me/ichun/mods/morph/client/entity/EntityBiomassAbility.java:9: error: cannot find symbol
import net.minecraft.nbt.CompoundNBT;
                        ^
  symbol:   class CompoundNBT
  location: package net.minecraft.nbt
/app/src/main/java/me/ichun/mods/morph/client/entity/EntityBiomassAbility.java:10: error: cannot find symbol
import net.minecraft.network.IPacket;
                            ^
  symbol:   class IPacket
  location: package net.minecraft.network
/app/src/main/java/me/ichun/mods/morph/client/entity/EntityBiomassAbility.java:11: error: package net.minecraft.util.math does not exist
import net.minecraft.util.math.AxisAlignedBB;
                              ^
/app/src/main/java/me/ichun/mods/morph/client/entity/EntityBiomassAbility.java:12: error: package net.minecraft.util.math does not exist
import net.minecraft.util.math.MathHelper;
                              ^
/app/src/main/java/me/ichun/mods/morph/client/entity/EntityBiomassAbility.java:13: error: cannot find symbol
import net.minecraft.world.World;
                          ^
  symbol:   class World
  location: package net.minecraft.world
/app/src/main/java/me/ichun/mods/morph/client/entity/EntityBiomassAbility.java:16: error: package net.minecraftforge.fml.network does not exist
import net.minecraftforge.fml.network.NetworkHooks;
                                     ^
/app/src/main/java/me/ichun/mods/morph/client/entity/EntityBiomassAbility.java:21: error: cannot find symbol
public class EntityBiomassAbility extends Entity
                                          ^
  symbol: class Entity
/app/src/main/java/me/ichun/mods/morph/common/morph/MorphInfoImpl.java:44: error: cannot find symbol
    public MorphInfoImpl(PlayerEntity player)
                         ^
  symbol:   class PlayerEntity
  location: class MorphInfoImpl
/app/src/main/java/me/ichun/mods/morph/common/morph/MorphInfoImpl.java:354: error: cannot find symbol
    public void playStepSound(BlockPos pos, BlockState blockState)
                              ^
  symbol:   class BlockPos
  location: class MorphInfoImpl
/app/src/main/java/me/ichun/mods/morph/common/morph/MorphInfoImpl.java:354: error: cannot find symbol
    public void playStepSound(BlockPos pos, BlockState blockState)
                                            ^
  symbol:   class BlockState
  location: class MorphInfoImpl
/app/src/main/java/me/ichun/mods/morph/common/morph/MorphInfoImpl.java:373: error: cannot find symbol
    public SoundEvent getHurtSound(DamageSource source)
                                   ^
  symbol:   class DamageSource
  location: class MorphInfoImpl
/app/src/main/java/me/ichun/mods/morph/common/morph/MorphInfoImpl.java:373: error: cannot find symbol
    public SoundEvent getHurtSound(DamageSource source)
           ^
  symbol:   class SoundEvent
  location: class MorphInfoImpl
/app/src/main/java/me/ichun/mods/morph/common/morph/MorphInfoImpl.java:380: error: cannot find symbol
    public SoundEvent getDeathSound() {
           ^
  symbol:   class SoundEvent
  location: class MorphInfoImpl
/app/src/main/java/me/ichun/mods/morph/common/morph/MorphInfoImpl.java:385: error: cannot find symbol
    public SoundEvent getFallSound(int height) {
           ^
  symbol:   class SoundEvent
  location: class MorphInfoImpl
/app/src/main/java/me/ichun/mods/morph/common/morph/MorphInfoImpl.java:390: error: cannot find symbol
    public SoundEvent getDrinkSound(ItemStack stack) {
                                    ^
  symbol:   class ItemStack
  location: class MorphInfoImpl
/app/src/main/java/me/ichun/mods/morph/common/morph/MorphInfoImpl.java:390: error: cannot find symbol
    public SoundEvent getDrinkSound(ItemStack stack) {
           ^
  symbol:   class SoundEvent
  location: class MorphInfoImpl
/app/src/main/java/me/ichun/mods/morph/common/morph/MorphInfoImpl.java:395: error: cannot find symbol
    public SoundEvent getEatSound(ItemStack stack) {
                                  ^
  symbol:   class ItemStack
  location: class MorphInfoImpl
/app/src/main/java/me/ichun/mods/morph/common/morph/MorphInfoImpl.java:395: error: cannot find symbol
    public SoundEvent getEatSound(ItemStack stack) {
           ^
  symbol:   class SoundEvent
  location: class MorphInfoImpl
/app/src/main/java/me/ichun/mods/morph/client/entity/EntityBiomassAbility.java:24: error: cannot find symbol
    public PlayerEntity player;
           ^
  symbol:   class PlayerEntity
  location: class EntityBiomassAbility
/app/src/main/java/me/ichun/mods/morph/client/entity/EntityBiomassAbility.java:31: error: cannot find symbol
    public EntityBiomassAbility(EntityType<?> entityTypeIn, World worldIn)
                                ^
  symbol:   class EntityType
  location: class EntityBiomassAbility
/app/src/main/java/me/ichun/mods/morph/client/entity/EntityBiomassAbility.java:31: error: cannot find symbol
    public EntityBiomassAbility(EntityType<?> entityTypeIn, World worldIn)
                                                            ^
  symbol:   class World
  location: class EntityBiomassAbility
/app/src/main/java/me/ichun/mods/morph/client/entity/EntityBiomassAbility.java:39: error: cannot find symbol
    public EntityBiomassAbility setInfo(@Nonnull PlayerEntity player, int fadeTime, int solidTime)
                                                 ^
  symbol:   class PlayerEntity
  location: class EntityBiomassAbility
/app/src/main/java/me/ichun/mods/morph/client/entity/EntityBiomassAbility.java:76: error: cannot find symbol
    public AxisAlignedBB getRenderBoundingBox()
           ^
  symbol:   class AxisAlignedBB
  location: class EntityBiomassAbility
/app/src/main/java/me/ichun/mods/morph/client/entity/EntityBiomassAbility.java:96: error: cannot find symbol
    public boolean writeUnlessRemoved(CompoundNBT compound) { return false; } //disable saving of entity
                                      ^
  symbol:   class CompoundNBT
  location: class EntityBiomassAbility
/app/src/main/java/me/ichun/mods/morph/client/entity/EntityBiomassAbility.java:99: error: cannot find symbol
    protected void readAdditional(CompoundNBT compound){}
                                  ^
  symbol:   class CompoundNBT
  location: class EntityBiomassAbility
/app/src/main/java/me/ichun/mods/morph/client/entity/EntityBiomassAbility.java:102: error: cannot find symbol
    protected void writeAdditional(CompoundNBT compound){}
                                   ^
  symbol:   class CompoundNBT
  location: class EntityBiomassAbility
/app/src/main/java/me/ichun/mods/morph/client/entity/EntityBiomassAbility.java:105: error: cannot find symbol
    public IPacket<?> createSpawnPacket()
           ^
  symbol:   class IPacket
  location: class EntityBiomassAbility
/app/src/main/java/me/ichun/mods/morph/client/render/MorphRenderHandler.java:325: error: cannot find symbol
        private final HashMap<ModelRenderer, CaptureInfo.ModelPart> modelToPart = new HashMap<>();
                              ^
  symbol:   class ModelRenderer
  location: class ModelRendererCapture
/app/src/main/java/me/ichun/mods/morph/client/render/MorphRenderHandler.java:329: error: cannot find symbol
        public void capture(ModelRenderer renderer, MatrixStack stack)
                            ^
  symbol:   class ModelRenderer
  location: class ModelRendererCapture
/app/src/main/java/me/ichun/mods/morph/client/render/MorphRenderHandler.java:329: error: cannot find symbol
        public void capture(ModelRenderer renderer, MatrixStack stack)
                                                    ^
  symbol:   class MatrixStack
  location: class ModelRendererCapture
/app/src/main/java/me/ichun/mods/morph/client/render/MorphRenderHandler.java:353: error: package MatrixStack does not exist
        public ArrayList<CaptureInfo> combineTowards(MatrixStack.Entry prevMid, MatrixStack.Entry nextMid, ModelRendererCapture other, float transitionProgress)
                                                                ^
/app/src/main/java/me/ichun/mods/morph/client/render/MorphRenderHandler.java:353: error: package MatrixStack does not exist
        public ArrayList<CaptureInfo> combineTowards(MatrixStack.Entry prevMid, MatrixStack.Entry nextMid, ModelRendererCapture other, float transitionProgress)
                                                                                           ^
/app/src/main/java/me/ichun/mods/morph/client/render/MorphRenderHandler.java:390: error: cannot find symbol
        public void render(MatrixStack stack, IRenderTypeBuffer buffer, int light, int overlay, float skinAlpha)
                           ^
  symbol:   class MatrixStack
  location: class ModelRendererCapture
/app/src/main/java/me/ichun/mods/morph/client/render/MorphRenderHandler.java:390: error: cannot find symbol
        public void render(MatrixStack stack, IRenderTypeBuffer buffer, int light, int overlay, float skinAlpha)
                                              ^
  symbol:   class IRenderTypeBuffer
  location: class ModelRendererCapture
/app/src/main/java/me/ichun/mods/morph/client/render/MorphRenderHandler.java:395: error: cannot find symbol
        public void render(MatrixStack stack, IVertexBuilder vertexBuilder, int light, int overlay, float skinAlpha)
                           ^
  symbol:   class MatrixStack
  location: class ModelRendererCapture
/app/src/main/java/me/ichun/mods/morph/client/render/MorphRenderHandler.java:395: error: cannot find symbol
        public void render(MatrixStack stack, IVertexBuilder vertexBuilder, int light, int overlay, float skinAlpha)
                                              ^
  symbol:   class IVertexBuilder
  location: class ModelRendererCapture
/app/src/main/java/me/ichun/mods/morph/client/render/MorphRenderHandler.java:434: error: package Project does not exist
                public final Project.Part part;
                                    ^
/app/src/main/java/me/ichun/mods/morph/client/render/MorphRenderHandler.java:435: error: cannot find symbol
                public ModelRenderer model;
                       ^
  symbol:   class ModelRenderer
  location: class ModelPart
/app/src/main/java/me/ichun/mods/morph/client/render/MorphRenderHandler.java:437: error: package Project does not exist
                private ModelPart(Project.Part part)
                                         ^
/app/src/main/java/me/ichun/mods/morph/client/render/MorphRenderHandler.java:414: error: package MatrixStack does not exist
            public final MatrixStack.Entry e;
                                    ^
/app/src/main/java/me/ichun/mods/morph/client/render/MorphRenderHandler.java:417: error: package MatrixStack does not exist
            public CaptureInfo(MatrixStack.Entry e, ModelPart modelPart) {
                                          ^
/app/src/main/java/me/ichun/mods/morph/client/render/MorphRenderHandler.java:422: error: cannot find symbol
            public void createAndRender(MatrixStack stack, IVertexBuilder buffer, int light, int overlay, float red, float green, float blue, float alpha)
                                        ^
  symbol:   class MatrixStack
  location: class CaptureInfo
/app/src/main/java/me/ichun/mods/morph/client/render/MorphRenderHandler.java:422: error: cannot find symbol
            public void createAndRender(MatrixStack stack, IVertexBuilder buffer, int light, int overlay, float red, float green, float blue, float alpha)
                                                           ^
  symbol:   class IVertexBuilder
  location: class CaptureInfo
/app/src/main/java/me/ichun/mods/morph/client/render/MorphRenderHandler.java:229: error: cannot find symbol
        public void renderTransitionState(PlayerEntity player, MorphInfo info, MatrixStack stack, IRenderTypeBuffer buffer, int light, int overlay, float partialTick, float transitionProgress, float skinAlpha)
                                          ^
  symbol:   class PlayerEntity
  location: class MorphTransitionState
/app/src/main/java/me/ichun/mods/morph/client/render/MorphRenderHandler.java:229: error: cannot find symbol
        public void renderTransitionState(PlayerEntity player, MorphInfo info, MatrixStack stack, IRenderTypeBuffer buffer, int light, int overlay, float partialTick, float transitionProgress, float skinAlpha)
                                                               ^
  symbol:   class MorphInfo
  location: class MorphTransitionState
/app/src/main/java/me/ichun/mods/morph/client/render/MorphRenderHandler.java:229: error: cannot find symbol
        public void renderTransitionState(PlayerEntity player, MorphInfo info, MatrixStack stack, IRenderTypeBuffer buffer, int light, int overlay, float partialTick, float transitionProgress, float skinAlpha)
                                                                               ^
  symbol:   class MatrixStack
  location: class MorphTransitionState
/app/src/main/java/me/ichun/mods/morph/client/render/MorphRenderHandler.java:229: error: cannot find symbol
        public void renderTransitionState(PlayerEntity player, MorphInfo info, MatrixStack stack, IRenderTypeBuffer buffer, int light, int overlay, float partialTick, float transitionProgress, float skinAlpha)
                                                                                                  ^
  symbol:   class IRenderTypeBuffer
  location: class MorphTransitionState
/app/src/main/java/me/ichun/mods/morph/client/render/MorphRenderHandler.java:55: error: cannot find symbol
    public static void renderMorphInfo(PlayerEntity player, MorphInfoImpl info, MatrixStack stack, IRenderTypeBuffer buffer, int light, float partialTick)
                                       ^
  symbol:   class PlayerEntity
  location: class MorphRenderHandler
/app/src/main/java/me/ichun/mods/morph/client/render/MorphRenderHandler.java:55: error: cannot find symbol
    public static void renderMorphInfo(PlayerEntity player, MorphInfoImpl info, MatrixStack stack, IRenderTypeBuffer buffer, int light, float partialTick)
                                                                                ^
  symbol:   class MatrixStack
  location: class MorphRenderHandler
/app/src/main/java/me/ichun/mods/morph/client/render/MorphRenderHandler.java:55: error: cannot find symbol
    public static void renderMorphInfo(PlayerEntity player, MorphInfoImpl info, MatrixStack stack, IRenderTypeBuffer buffer, int light, float partialTick)
                                                                                                   ^
  symbol:   class IRenderTypeBuffer
  location: class MorphRenderHandler
/app/src/main/java/me/ichun/mods/morph/client/render/MorphRenderHandler.java:102: error: cannot find symbol
    private static void renderLiving(MorphState state, LivingEntity living, MatrixStack stack, IRenderTypeBuffer buffer, int light, float partialTick) //also captures the shadow size
                                     ^
  symbol:   class MorphState
  location: class MorphRenderHandler
/app/src/main/java/me/ichun/mods/morph/client/render/MorphRenderHandler.java:102: error: cannot find symbol
    private static void renderLiving(MorphState state, LivingEntity living, MatrixStack stack, IRenderTypeBuffer buffer, int light, float partialTick) //also captures the shadow size
                                                       ^
  symbol:   class LivingEntity
  location: class MorphRenderHandler
/app/src/main/java/me/ichun/mods/morph/client/render/MorphRenderHandler.java:102: error: cannot find symbol
    private static void renderLiving(MorphState state, LivingEntity living, MatrixStack stack, IRenderTypeBuffer buffer, int light, float partialTick) //also captures the shadow size
                                                                            ^
  symbol:   class MatrixStack
  location: class MorphRenderHandler
/app/src/main/java/me/ichun/mods/morph/client/render/MorphRenderHandler.java:102: error: cannot find symbol
    private static void renderLiving(MorphState state, LivingEntity living, MatrixStack stack, IRenderTypeBuffer buffer, int light, float partialTick) //also captures the shadow size
                                                                                               ^
  symbol:   class IRenderTypeBuffer
  location: class MorphRenderHandler
/app/src/main/java/me/ichun/mods/morph/client/render/MorphRenderHandler.java:107: error: cannot find symbol
    private static void renderLiving(MorphState state, LivingEntity living, MatrixStack stack, IRenderTypeBuffer buffer, int light, float partialTick, boolean forceDuringInvisibility) //also captures the shadow size
                                     ^
  symbol:   class MorphState
  location: class MorphRenderHandler
/app/src/main/java/me/ichun/mods/morph/client/render/MorphRenderHandler.java:107: error: cannot find symbol
    private static void renderLiving(MorphState state, LivingEntity living, MatrixStack stack, IRenderTypeBuffer buffer, int light, float partialTick, boolean forceDuringInvisibility) //also captures the shadow size
                                                       ^
  symbol:   class LivingEntity
  location: class MorphRenderHandler
/app/src/main/java/me/ichun/mods/morph/client/render/MorphRenderHandler.java:107: error: cannot find symbol
    private static void renderLiving(MorphState state, LivingEntity living, MatrixStack stack, IRenderTypeBuffer buffer, int light, float partialTick, boolean forceDuringInvisibility) //also captures the shadow size
                                                                            ^
  symbol:   class MatrixStack
  location: class MorphRenderHandler
/app/src/main/java/me/ichun/mods/morph/client/render/MorphRenderHandler.java:107: error: cannot find symbol
    private static void renderLiving(MorphState state, LivingEntity living, MatrixStack stack, IRenderTypeBuffer buffer, int light, float partialTick, boolean forceDuringInvisibility) //also captures the shadow size
                                                                                               ^
  symbol:   class IRenderTypeBuffer
  location: class MorphRenderHandler
/app/src/main/java/me/ichun/mods/morph/client/render/MorphRenderHandler.java:124: error: cannot find symbol
    public static void renderLiving(EntityRenderer<? super LivingEntity> renderer, LivingEntity living, MatrixStack stack, IRenderTypeBuffer buffer, int light, float partialTick, boolean forceDuringInvisibility)
                                                           ^
  symbol:   class LivingEntity
  location: class MorphRenderHandler
/app/src/main/java/me/ichun/mods/morph/client/render/MorphRenderHandler.java:124: error: cannot find symbol
    public static void renderLiving(EntityRenderer<? super LivingEntity> renderer, LivingEntity living, MatrixStack stack, IRenderTypeBuffer buffer, int light, float partialTick, boolean forceDuringInvisibility)
                                                                                   ^
  symbol:   class LivingEntity
  location: class MorphRenderHandler
/app/src/main/java/me/ichun/mods/morph/client/render/MorphRenderHandler.java:124: error: cannot find symbol
    public static void renderLiving(EntityRenderer<? super LivingEntity> renderer, LivingEntity living, MatrixStack stack, IRenderTypeBuffer buffer, int light, float partialTick, boolean forceDuringInvisibility)
                                                                                                        ^
  symbol:   class MatrixStack
  location: class MorphRenderHandler
/app/src/main/java/me/ichun/mods/morph/client/render/MorphRenderHandler.java:124: error: cannot find symbol
    public static void renderLiving(EntityRenderer<? super LivingEntity> renderer, LivingEntity living, MatrixStack stack, IRenderTypeBuffer buffer, int light, float partialTick, boolean forceDuringInvisibility)
                                                                                                                           ^
  symbol:   class IRenderTypeBuffer
  location: class MorphRenderHandler
/app/src/main/java/me/ichun/mods/morph/client/render/MorphRenderHandler.java:138: error: cannot find symbol
    public static void renderLiving(EntityRenderer<? super LivingEntity> renderer, LivingEntity living, MatrixStack stack, IRenderTypeBuffer buffer, int light, float partialTick)
                                                           ^
  symbol:   class LivingEntity
  location: class MorphRenderHandler
/app/src/main/java/me/ichun/mods/morph/client/render/MorphRenderHandler.java:138: error: cannot find symbol
    public static void renderLiving(EntityRenderer<? super LivingEntity> renderer, LivingEntity living, MatrixStack stack, IRenderTypeBuffer buffer, int light, float partialTick)
                                                                                   ^
  symbol:   class LivingEntity
  location: class MorphRenderHandler
/app/src/main/java/me/ichun/mods/morph/client/render/MorphRenderHandler.java:138: error: cannot find symbol
    public static void renderLiving(EntityRenderer<? super LivingEntity> renderer, LivingEntity living, MatrixStack stack, IRenderTypeBuffer buffer, int light, float partialTick)
                                                                                                        ^
  symbol:   class MatrixStack
  location: class MorphRenderHandler
/app/src/main/java/me/ichun/mods/morph/client/render/MorphRenderHandler.java:138: error: cannot find symbol
    public static void renderLiving(EntityRenderer<? super LivingEntity> renderer, LivingEntity living, MatrixStack stack, IRenderTypeBuffer buffer, int light, float partialTick)
                                                                                                                           ^
  symbol:   class IRenderTypeBuffer
  location: class MorphRenderHandler
/app/src/main/java/me/ichun/mods/morph/client/render/MorphRenderHandler.java:182: error: cannot find symbol
    public static void renderTransitionState(PlayerEntity player, MorphInfoImpl info, MatrixStack stack, IRenderTypeBuffer buffer, int light, int overlay, float partialTick, float transitionProgress, float skinAlpha)
                                             ^
  symbol:   class PlayerEntity
  location: class MorphRenderHandler
/app/src/main/java/me/ichun/mods/morph/client/render/MorphRenderHandler.java:182: error: cannot find symbol
    public static void renderTransitionState(PlayerEntity player, MorphInfoImpl info, MatrixStack stack, IRenderTypeBuffer buffer, int light, int overlay, float partialTick, float transitionProgress, float skinAlpha)
                                                                                      ^
  symbol:   class MatrixStack
  location: class MorphRenderHandler
/app/src/main/java/me/ichun/mods/morph/client/render/MorphRenderHandler.java:182: error: cannot find symbol
    public static void renderTransitionState(PlayerEntity player, MorphInfoImpl info, MatrixStack stack, IRenderTypeBuffer buffer, int light, int overlay, float partialTick, float transitionProgress, float skinAlpha)
                                                                                                         ^
  symbol:   class IRenderTypeBuffer
  location: class MorphRenderHandler
/app/src/main/java/me/ichun/mods/morph/client/render/MorphRenderHandler.java:192: error: cannot find symbol
    public static void restoreShadowSize(PlayerRenderer renderer)
                                         ^
  symbol:   class PlayerRenderer
  location: class MorphRenderHandler
/app/src/main/java/me/ichun/mods/morph/client/render/MorphRenderHandler.java:206: error: cannot find symbol
    public static void setShadowSize(PlayerRenderer renderer, MorphInfo info, float partialTick)
                                     ^
  symbol:   class PlayerRenderer
  location: class MorphRenderHandler
/app/src/main/java/me/ichun/mods/morph/client/render/MorphRenderHandler.java:206: error: cannot find symbol
    public static void setShadowSize(PlayerRenderer renderer, MorphInfo info, float partialTick)
                                                              ^
  symbol:   class MorphInfo
  location: class MorphRenderHandler
/app/src/main/java/me/ichun/mods/morph/common/morph/MorphHandler.java:6: error: package me.ichun.mods.ichunutil.common.entity.util does not exist
import me.ichun.mods.ichunutil.common.entity.util.EntityHelper;
                                                 ^
/app/src/main/java/me/ichun/mods/morph/common/morph/MorphHandler.java:7: error: package me.ichun.mods.morph.api does not exist
import me.ichun.mods.morph.api.IApi;
                              ^
/app/src/main/java/me/ichun/mods/morph/common/morph/MorphHandler.java:8: error: package me.ichun.mods.morph.api.biomass does not exist
import me.ichun.mods.morph.api.biomass.BiomassUpgrade;
                                      ^
/app/src/main/java/me/ichun/mods/morph/common/morph/MorphHandler.java:9: error: package me.ichun.mods.morph.api.biomass does not exist
import me.ichun.mods.morph.api.biomass.BiomassUpgradeInfo;
                                      ^
/app/src/main/java/me/ichun/mods/morph/common/morph/MorphHandler.java:10: error: package me.ichun.mods.morph.api.event does not exist
import me.ichun.mods.morph.api.event.MorphEvent;
                                    ^
/app/src/main/java/me/ichun/mods/morph/common/morph/MorphHandler.java:11: error: package me.ichun.mods.morph.api.mob does not exist
import me.ichun.mods.morph.api.mob.MobData;
                                  ^
/app/src/main/java/me/ichun/mods/morph/common/morph/MorphHandler.java:12: error: package me.ichun.mods.morph.api.mob.nbt does not exist
import me.ichun.mods.morph.api.mob.nbt.NbtModifier;
                                      ^
/app/src/main/java/me/ichun/mods/morph/common/morph/MorphHandler.java:13: error: package me.ichun.mods.morph.api.mob.trait does not exist
import me.ichun.mods.morph.api.mob.trait.Trait;
                                        ^
/app/src/main/java/me/ichun/mods/morph/common/morph/MorphHandler.java:14: error: package me.ichun.mods.morph.api.mob.trait.ability does not exist
import me.ichun.mods.morph.api.mob.trait.ability.Ability;
                                                ^
/app/src/main/java/me/ichun/mods/morph/common/morph/MorphHandler.java:15: error: package me.ichun.mods.morph.api.morph does not exist
import me.ichun.mods.morph.api.morph.AttributeConfig;
                                    ^
/app/src/main/java/me/ichun/mods/morph/common/morph/MorphHandler.java:16: error: package me.ichun.mods.morph.api.morph does not exist
import me.ichun.mods.morph.api.morph.MorphInfo;
                                    ^
/app/src/main/java/me/ichun/mods/morph/common/morph/MorphHandler.java:17: error: package me.ichun.mods.morph.api.morph does not exist
import me.ichun.mods.morph.api.morph.MorphState;
                                    ^
/app/src/main/java/me/ichun/mods/morph/common/morph/MorphHandler.java:18: error: package me.ichun.mods.morph.api.morph does not exist
import me.ichun.mods.morph.api.morph.MorphVariant;
                                    ^
/app/src/main/java/me/ichun/mods/morph/common/morph/MorphHandler.java:35: error: package net.minecraft.block does not exist
import net.minecraft.block.Block;
                          ^
/app/src/main/java/me/ichun/mods/morph/common/morph/MorphHandler.java:36: error: package net.minecraft.block does not exist
import net.minecraft.block.CarpetBlock;
                          ^
/app/src/main/java/me/ichun/mods/morph/common/morph/MorphHandler.java:37: error: package net.minecraft.entity does not exist
import net.minecraft.entity.AgeableEntity;
                           ^
/app/src/main/java/me/ichun/mods/morph/common/morph/MorphHandler.java:38: error: package net.minecraft.entity does not exist
import net.minecraft.entity.IAngerable;
                           ^
/app/src/main/java/me/ichun/mods/morph/common/morph/MorphHandler.java:39: error: package net.minecraft.entity does not exist
import net.minecraft.entity.LivingEntity;
                           ^
/app/src/main/java/me/ichun/mods/morph/common/morph/MorphHandler.java:40: error: package net.minecraft.entity does not exist
import net.minecraft.entity.MobEntity;
                           ^
/app/src/main/java/me/ichun/mods/morph/common/morph/MorphHandler.java:41: error: package net.minecraft.entity.boss does not exist
import net.minecraft.entity.boss.WitherEntity;
                                ^
/app/src/main/java/me/ichun/mods/morph/common/morph/MorphHandler.java:42: error: package net.minecraft.entity.boss.dragon does not exist
import net.minecraft.entity.boss.dragon.EnderDragonEntity;
                                       ^
/app/src/main/java/me/ichun/mods/morph/common/morph/MorphHandler.java:43: error: package net.minecraft.entity.boss.dragon.phase does not exist
import net.minecraft.entity.boss.dragon.phase.PhaseType;
                                             ^
/app/src/main/java/me/ichun/mods/morph/common/morph/MorphHandler.java:44: error: package net.minecraft.entity.passive does not exist
import net.minecraft.entity.passive.PandaEntity;
                                   ^
/app/src/main/java/me/ichun/mods/morph/common/morph/MorphHandler.java:45: error: package net.minecraft.entity.passive.horse does not exist
import net.minecraft.entity.passive.horse.LlamaEntity;
                                         ^
/app/src/main/java/me/ichun/mods/morph/common/morph/MorphHandler.java:46: error: package net.minecraft.entity.player does not exist
import net.minecraft.entity.player.PlayerEntity;
                                  ^
/app/src/main/java/me/ichun/mods/morph/common/morph/MorphHandler.java:47: error: package net.minecraft.entity.player does not exist
import net.minecraft.entity.player.ServerPlayerEntity;
                                  ^
/app/src/main/java/me/ichun/mods/morph/common/morph/MorphHandler.java:48: error: package net.minecraft.inventory does not exist
import net.minecraft.inventory.EquipmentSlotType;
                              ^
/app/src/main/java/me/ichun/mods/morph/common/morph/MorphHandler.java:49: error: package net.minecraft.item does not exist
import net.minecraft.item.ItemStack;
                         ^
/app/src/main/java/me/ichun/mods/morph/common/morph/MorphHandler.java:50: error: cannot find symbol
import net.minecraft.nbt.CompoundNBT;
                        ^
  symbol:   class CompoundNBT
  location: package net.minecraft.nbt
/app/src/main/java/me/ichun/mods/morph/common/morph/MorphHandler.java:51: error: cannot find symbol
import net.minecraft.util.HandSide;
                         ^
  symbol:   class HandSide
  location: package net.minecraft.util
/app/src/main/java/me/ichun/mods/morph/common/morph/MorphHandler.java:52: error: cannot find symbol
import net.minecraft.util.ResourceLocation;
                         ^
  symbol:   class ResourceLocation
  location: package net.minecraft.util
/app/src/main/java/me/ichun/mods/morph/common/morph/MorphHandler.java:53: error: cannot find symbol
import net.minecraft.util.Util;
                         ^
  symbol:   class Util
  location: package net.minecraft.util
/app/src/main/java/me/ichun/mods/morph/common/morph/MorphHandler.java:55: error: package net.minecraftforge.fml.network does not exist
import net.minecraftforge.fml.network.PacketDistributor;
                                     ^
/app/src/main/java/me/ichun/mods/morph/common/morph/MorphHandler.java:64: error: cannot find symbol
public final class MorphHandler implements IApi
                                           ^
  symbol: class IApi
/app/src/main/java/me/ichun/mods/morph/common/morph/MorphHandler.java:67: error: cannot find symbol
    private static final ResourceLocation TEX_MORPH_SKIN = new ResourceLocation("morph", "textures/skin/morphskin.png"); //call the getter.
                         ^
  symbol:   class ResourceLocation
  location: class MorphHandler
/app/src/main/java/me/ichun/mods/morph/common/morph/MorphHandler.java:69: error: cannot find symbol
    private static final ArrayList<BiConsumer<LivingEntity, CompoundNBT>> VARIANT_SPECIAL_TAG_SETTERS = Util.make(new ArrayList<>(), list -> {
                                              ^
  symbol:   class LivingEntity
  location: class MorphHandler
/app/src/main/java/me/ichun/mods/morph/common/morph/MorphHandler.java:69: error: cannot find symbol
    private static final ArrayList<BiConsumer<LivingEntity, CompoundNBT>> VARIANT_SPECIAL_TAG_SETTERS = Util.make(new ArrayList<>(), list -> {
                                                            ^
  symbol:   class CompoundNBT
  location: class MorphHandler
/app/src/main/java/me/ichun/mods/morph/common/morph/MorphHandler.java:107: error: cannot find symbol
    private static final ArrayList<BiConsumer<LivingEntity, CompoundNBT>> VARIANT_SPECIAL_TAG_READERS = Util.make(new ArrayList<>(), list -> {
                                              ^
  symbol:   class LivingEntity
  location: class MorphHandler
/app/src/main/java/me/ichun/mods/morph/common/morph/MorphHandler.java:107: error: cannot find symbol
    private static final ArrayList<BiConsumer<LivingEntity, CompoundNBT>> VARIANT_SPECIAL_TAG_READERS = Util.make(new ArrayList<>(), list -> {
                                                            ^
  symbol:   class CompoundNBT
  location: class MorphHandler
/app/src/main/java/me/ichun/mods/morph/common/morph/MorphHandler.java:133: error: cannot find symbol
    private static final ArrayList<BiConsumer<LivingEntity, PlayerEntity>> PLAYER_MORPH_SYNC_FUNCTIONS = Util.make(new ArrayList<>(), list -> {
                                              ^
  symbol:   class LivingEntity
  location: class MorphHandler
/app/src/main/java/me/ichun/mods/morph/common/morph/MorphHandler.java:133: error: cannot find symbol
    private static final ArrayList<BiConsumer<LivingEntity, PlayerEntity>> PLAYER_MORPH_SYNC_FUNCTIONS = Util.make(new ArrayList<>(), list -> {
                                                            ^
  symbol:   class PlayerEntity
  location: class MorphHandler
/app/src/main/java/me/ichun/mods/morph/common/mode/MorphMode.java:3: error: package me.ichun.mods.morph.api.mob.trait does not exist
import me.ichun.mods.morph.api.mob.trait.Trait;
                                        ^
/app/src/main/java/me/ichun/mods/morph/common/mode/MorphMode.java:4: error: package me.ichun.mods.morph.api.mob.trait.ability does not exist
import me.ichun.mods.morph.api.mob.trait.ability.Ability;
                                                ^
/app/src/main/java/me/ichun/mods/morph/common/mode/MorphMode.java:5: error: package me.ichun.mods.morph.api.morph does not exist
import me.ichun.mods.morph.api.morph.MorphVariant;
                                    ^
/app/src/main/java/me/ichun/mods/morph/common/mode/MorphMode.java:6: error: package net.minecraft.entity does not exist
import net.minecraft.entity.LivingEntity;
                           ^
/app/src/main/java/me/ichun/mods/morph/common/mode/MorphMode.java:7: error: package net.minecraft.entity.player does not exist
import net.minecraft.entity.player.PlayerEntity;
                                  ^
/app/src/main/java/me/ichun/mods/morph/common/mode/MorphMode.java:8: error: package net.minecraft.entity.player does not exist
import net.minecraft.entity.player.ServerPlayerEntity;
                                  ^
/app/src/main/java/me/ichun/mods/morph/common/morph/save/MorphSavedData.java:3: error: cannot find symbol
import net.minecraft.nbt.CompoundNBT;
                        ^
  symbol:   class CompoundNBT
  location: package net.minecraft.nbt
/app/src/main/java/me/ichun/mods/morph/common/morph/save/MorphSavedData.java:4: error: package net.minecraft.world.storage does not exist
import net.minecraft.world.storage.WorldSavedData;
                                  ^
/app/src/main/java/me/ichun/mods/morph/common/morph/save/MorphSavedData.java:10: error: cannot find symbol
public class MorphSavedData extends WorldSavedData
                                    ^
  symbol: class WorldSavedData
/app/src/main/java/me/ichun/mods/morph/common/morph/MorphHandler.java:179: error: cannot find symbol
    public void handleMurderEvent(ServerPlayerEntity player, LivingEntity living)
                                  ^
  symbol:   class ServerPlayerEntity
  location: class MorphHandler
/app/src/main/java/me/ichun/mods/morph/common/morph/MorphHandler.java:179: error: cannot find symbol
    public void handleMurderEvent(ServerPlayerEntity player, LivingEntity living)
                                                             ^
  symbol:   class LivingEntity
  location: class MorphHandler
/app/src/main/java/me/ichun/mods/morph/common/morph/MorphHandler.java:199: error: cannot find symbol
    public PlayerMorphData getPlayerMorphData(PlayerEntity player)
                                              ^
  symbol:   class PlayerEntity
  location: class MorphHandler
/app/src/main/java/me/ichun/mods/morph/common/morph/save/PlayerMorphData.java:3: error: package me.ichun.mods.morph.api.biomass does not exist
import me.ichun.mods.morph.api.biomass.BiomassUpgrade;
                                      ^
/app/src/main/java/me/ichun/mods/morph/common/morph/save/PlayerMorphData.java:4: error: package me.ichun.mods.morph.api.morph does not exist
import me.ichun.mods.morph.api.morph.MorphVariant;
                                    ^
/app/src/main/java/me/ichun/mods/morph/common/morph/save/PlayerMorphData.java:5: error: cannot find symbol
import net.minecraft.nbt.CompoundNBT;
                        ^
  symbol:   class CompoundNBT
  location: package net.minecraft.nbt
/app/src/main/java/me/ichun/mods/morph/common/morph/MorphHandler.java:230: error: cannot find symbol
    public void spawnAnimation(PlayerEntity player, LivingEntity living, boolean isMorphAcquisition)
                               ^
  symbol:   class PlayerEntity
  location: class MorphHandler
/app/src/main/java/me/ichun/mods/morph/common/morph/MorphHandler.java:230: error: cannot find symbol
    public void spawnAnimation(PlayerEntity player, LivingEntity living, boolean isMorphAcquisition)
                                                    ^
  symbol:   class LivingEntity
  location: class MorphHandler
/app/src/main/java/me/ichun/mods/morph/common/morph/MorphHandler.java:238: error: cannot find symbol
    public MorphInfo getMorphInfo(PlayerEntity player)
                                  ^
  symbol:   class PlayerEntity
  location: class MorphHandler
/app/src/main/java/me/ichun/mods/morph/common/morph/MorphHandler.java:238: error: cannot find symbol
    public MorphInfo getMorphInfo(PlayerEntity player)
           ^
  symbol:   class MorphInfo
  location: class MorphHandler
/app/src/main/java/me/ichun/mods/morph/common/morph/MorphHandler.java:244: error: cannot find symbol
    public boolean canShowMorphSelector(PlayerEntity player)
                                        ^
  symbol:   class PlayerEntity
  location: class MorphHandler
/app/src/main/java/me/ichun/mods/morph/common/morph/MorphHandler.java:250: error: cannot find symbol
    public boolean canMorph(PlayerEntity player)
                            ^
  symbol:   class PlayerEntity
  location: class MorphHandler
/app/src/main/java/me/ichun/mods/morph/common/morph/MorphHandler.java:256: error: cannot find symbol
    public boolean canAcquireMorph(PlayerEntity player, LivingEntity living)
                                   ^
  symbol:   class PlayerEntity
  location: class MorphHandler
/app/src/main/java/me/ichun/mods/morph/common/morph/MorphHandler.java:256: error: cannot find symbol
    public boolean canAcquireMorph(PlayerEntity player, LivingEntity living)
                                                        ^
  symbol:   class LivingEntity
  location: class MorphHandler
/app/src/main/java/me/ichun/mods/morph/common/morph/MorphHandler.java:263: error: cannot find symbol
    public MorphVariant createVariant(LivingEntity living)
                                      ^
  symbol:   class LivingEntity
  location: class MorphHandler
/app/src/main/java/me/ichun/mods/morph/common/morph/MorphHandler.java:263: error: cannot find symbol
    public MorphVariant createVariant(LivingEntity living)
           ^
  symbol:   class MorphVariant
  location: class MorphHandler
/app/src/main/java/me/ichun/mods/morph/common/morph/MorphHandler.java:355: error: cannot find symbol
    private void writeSpecialTags(LivingEntity living, CompoundNBT tag)
                                  ^
  symbol:   class LivingEntity
  location: class MorphHandler
/app/src/main/java/me/ichun/mods/morph/common/morph/MorphHandler.java:355: error: cannot find symbol
    private void writeSpecialTags(LivingEntity living, CompoundNBT tag)
                                                       ^
  symbol:   class CompoundNBT
  location: class MorphHandler
/app/src/main/java/me/ichun/mods/morph/common/morph/MorphHandler.java:364: error: cannot find symbol
    public boolean acquireMorph(ServerPlayerEntity player, MorphVariant variant)
                                ^
  symbol:   class ServerPlayerEntity
  location: class MorphHandler
/app/src/main/java/me/ichun/mods/morph/common/morph/MorphHandler.java:364: error: cannot find symbol
    public boolean acquireMorph(ServerPlayerEntity player, MorphVariant variant)
                                                           ^
  symbol:   class MorphVariant
  location: class MorphHandler
/app/src/main/java/me/ichun/mods/morph/common/morph/MorphHandler.java:392: error: cannot find symbol
    public boolean morphTo(ServerPlayerEntity player, MorphVariant variant)
                           ^
  symbol:   class ServerPlayerEntity
  location: class MorphHandler
/app/src/main/java/me/ichun/mods/morph/common/morph/MorphHandler.java:392: error: cannot find symbol
    public boolean morphTo(ServerPlayerEntity player, MorphVariant variant)
                                                      ^
  symbol:   class MorphVariant
  location: class MorphHandler
/app/src/main/java/me/ichun/mods/morph/common/morph/MorphHandler.java:406: error: cannot find symbol
    public boolean demorph(ServerPlayerEntity player)
                           ^
  symbol:   class ServerPlayerEntity
  location: class MorphHandler
/app/src/main/java/me/ichun/mods/morph/common/morph/MorphHandler.java:414: error: cannot find symbol
    public Map<ResourceLocation, AttributeConfig> getSupportedAttributes()
               ^
  symbol:   class ResourceLocation
  location: class MorphHandler
/app/src/main/java/me/ichun/mods/morph/common/morph/MorphHandler.java:414: error: cannot find symbol
    public Map<ResourceLocation, AttributeConfig> getSupportedAttributes()
                                 ^
  symbol:   class AttributeConfig
  location: class MorphHandler
/app/src/main/java/me/ichun/mods/morph/common/morph/MorphHandler.java:421: error: cannot find symbol
    public LivingEntity getActiveMorphEntity(PlayerEntity player)
                                             ^
  symbol:   class PlayerEntity
  location: class MorphHandler
/app/src/main/java/me/ichun/mods/morph/common/morph/MorphHandler.java:421: error: cannot find symbol
    public LivingEntity getActiveMorphEntity(PlayerEntity player)
           ^
  symbol:   class LivingEntity
  location: class MorphHandler
/app/src/main/java/me/ichun/mods/morph/common/morph/MorphHandler.java:427: error: cannot find symbol
    public boolean isEntityAMorph(LivingEntity living)
                                  ^
  symbol:   class LivingEntity
  location: class MorphHandler
/app/src/main/java/me/ichun/mods/morph/common/morph/MorphHandler.java:434: error: cannot find symbol
    public UUID getUuidOfPlayerForMorph(LivingEntity living)
                                        ^
  symbol:   class LivingEntity
  location: class MorphHandler
/app/src/main/java/me/ichun/mods/morph/common/morph/MorphHandler.java:441: error: cannot find symbol
    public ResourceLocation getMorphSkinTexture()
           ^
  symbol:   class ResourceLocation
  location: class MorphHandler
/app/src/main/java/me/ichun/mods/morph/common/morph/MorphHandler.java:447: error: cannot find symbol
    public List<BiConsumer<LivingEntity, PlayerEntity>> getModPlayerMorphSyncConsumers()
                           ^
  symbol:   class LivingEntity
  location: class MorphHandler
/app/src/main/java/me/ichun/mods/morph/common/morph/MorphHandler.java:447: error: cannot find symbol
    public List<BiConsumer<LivingEntity, PlayerEntity>> getModPlayerMorphSyncConsumers()
                                         ^
  symbol:   class PlayerEntity
  location: class MorphHandler
/app/src/main/java/me/ichun/mods/morph/common/morph/MorphHandler.java:453: error: cannot find symbol
    public List<BiConsumer<LivingEntity, CompoundNBT>> getVariantNbtTagSetters()
                           ^
  symbol:   class LivingEntity
  location: class MorphHandler
/app/src/main/java/me/ichun/mods/morph/common/morph/MorphHandler.java:453: error: cannot find symbol
    public List<BiConsumer<LivingEntity, CompoundNBT>> getVariantNbtTagSetters()
                                         ^
  symbol:   class CompoundNBT
  location: class MorphHandler
/app/src/main/java/me/ichun/mods/morph/common/morph/MorphHandler.java:459: error: cannot find symbol
    public List<BiConsumer<LivingEntity, CompoundNBT>> getVariantNbtTagReaders()
                           ^
  symbol:   class LivingEntity
  location: class MorphHandler
/app/src/main/java/me/ichun/mods/morph/common/morph/MorphHandler.java:459: error: cannot find symbol
    public List<BiConsumer<LivingEntity, CompoundNBT>> getVariantNbtTagReaders()
                                         ^
  symbol:   class CompoundNBT
  location: class MorphHandler
/app/src/main/java/me/ichun/mods/morph/common/morph/MorphHandler.java:465: error: cannot find symbol
    public void registerMobData(@Nonnull ResourceLocation rl, @Nonnull MobData data)
                                         ^
  symbol:   class ResourceLocation
  location: class MorphHandler
/app/src/main/java/me/ichun/mods/morph/common/morph/MorphHandler.java:465: error: cannot find symbol
    public void registerMobData(@Nonnull ResourceLocation rl, @Nonnull MobData data)
                                                                       ^
  symbol:   class MobData
  location: class MorphHandler
/app/src/main/java/me/ichun/mods/morph/common/morph/MorphHandler.java:471: error: cannot find symbol
    public void registerTrait(@Nonnull String type, @Nonnull Class<? extends Trait> clz)
                                                                             ^
  symbol:   class Trait
  location: class MorphHandler
/app/src/main/java/me/ichun/mods/morph/common/morph/MorphHandler.java:477: error: cannot find symbol
    public ArrayList<Trait<?>> getTraitsForVariant(MorphVariant variant, PlayerEntity player)
                                                   ^
  symbol:   class MorphVariant
  location: class MorphHandler
/app/src/main/java/me/ichun/mods/morph/common/morph/MorphHandler.java:477: error: cannot find symbol
    public ArrayList<Trait<?>> getTraitsForVariant(MorphVariant variant, PlayerEntity player)
                                                                         ^
  symbol:   class PlayerEntity
  location: class MorphHandler
/app/src/main/java/me/ichun/mods/morph/common/morph/MorphHandler.java:477: error: cannot find symbol
    public ArrayList<Trait<?>> getTraitsForVariant(MorphVariant variant, PlayerEntity player)
                     ^
  symbol:   class Trait
  location: class MorphHandler
/app/src/main/java/me/ichun/mods/morph/common/morph/MorphHandler.java:483: error: cannot find symbol
    public boolean canUseAbility(PlayerEntity player, Ability<?> ability)
                                 ^
  symbol:   class PlayerEntity
  location: class MorphHandler
/app/src/main/java/me/ichun/mods/morph/common/morph/MorphHandler.java:483: error: cannot find symbol
    public boolean canUseAbility(PlayerEntity player, Ability<?> ability)
                                                      ^
  symbol:   class Ability
  location: class MorphHandler
/app/src/main/java/me/ichun/mods/morph/common/morph/MorphHandler.java:490: error: cannot find symbol
    public boolean hasUnlockedBiomass(PlayerEntity player)
                                      ^
  symbol:   class PlayerEntity
  location: class MorphHandler
/app/src/main/java/me/ichun/mods/morph/common/morph/MorphHandler.java:496: error: cannot find symbol
    public boolean canAcquireBiomass(PlayerEntity player, LivingEntity living)
                                     ^
  symbol:   class PlayerEntity
  location: class MorphHandler
/app/src/main/java/me/ichun/mods/morph/common/morph/MorphHandler.java:496: error: cannot find symbol
    public boolean canAcquireBiomass(PlayerEntity player, LivingEntity living)
                                                          ^
  symbol:   class LivingEntity
  location: class MorphHandler
/app/src/main/java/me/ichun/mods/morph/common/morph/MorphHandler.java:502: error: cannot find symbol
    public double getBiomassAmount(PlayerEntity player, LivingEntity living)
                                   ^
  symbol:   class PlayerEntity
  location: class MorphHandler
/app/src/main/java/me/ichun/mods/morph/common/morph/MorphHandler.java:502: error: cannot find symbol
    public double getBiomassAmount(PlayerEntity player, LivingEntity living)
                                                        ^
  symbol:   class LivingEntity
  location: class MorphHandler
/app/src/main/java/me/ichun/mods/morph/common/morph/MorphHandler.java:509: error: cannot find symbol
    public BiomassUpgradeInfo getBiomassUpgradeInfo(@Nullable String entityId, String id)
           ^
  symbol:   class BiomassUpgradeInfo
  location: class MorphHandler
/app/src/main/java/me/ichun/mods/morph/common/morph/MorphHandler.java:520: error: cannot find symbol
    public BiomassUpgrade getBiomassUpgrade(PlayerEntity player, String id)
                                            ^
  symbol:   class PlayerEntity
  location: class MorphHandler
/app/src/main/java/me/ichun/mods/morph/common/morph/MorphHandler.java:520: error: cannot find symbol
    public BiomassUpgrade getBiomassUpgrade(PlayerEntity player, String id)
           ^
  symbol:   class BiomassUpgrade
  location: class MorphHandler
/app/src/main/java/me/ichun/mods/morph/common/morph/MorphHandler.java:525: error: cannot find symbol
    public double getBiomassUpgradeValue(PlayerEntity player, String id)
                                         ^
  symbol:   class PlayerEntity
  location: class MorphHandler
/app/src/main/java/me/ichun/mods/morph/common/morph/MorphHandler.java:535: error: cannot find symbol
    public void setBiomassAmount(ServerPlayerEntity player, double value)
                                 ^
  symbol:   class ServerPlayerEntity
  location: class MorphHandler
/app/src/main/java/me/ichun/mods/morph/common/morph/MorphHandler.java:544: error: cannot find symbol
    public void addBiomassAmount(ServerPlayerEntity player, double value)
                                 ^
  symbol:   class ServerPlayerEntity
  location: class MorphHandler
/app/src/main/java/me/ichun/mods/morph/common/morph/MorphHandler.java:562: error: cannot find symbol
    public boolean isPlayerAllowed(@Nonnull PlayerEntity player, @Nonnull ConfigBase.FilterType type, @Nonnull List<String> names)
                                            ^
  symbol:   class PlayerEntity
  location: class MorphHandler
/app/src/main/java/me/ichun/mods/morph/common/morph/save/PlayerMorphData.java:14: error: cannot find symbol
    public ArrayList<MorphVariant> morphs;
                     ^
  symbol:   class MorphVariant
  location: class PlayerMorphData
/app/src/main/java/me/ichun/mods/morph/common/morph/save/PlayerMorphData.java:16: error: cannot find symbol
    public ArrayList<BiomassUpgrade> upgrades;
                     ^
  symbol:   class BiomassUpgrade
  location: class PlayerMorphData
/app/src/main/java/me/ichun/mods/morph/common/morph/save/PlayerMorphData.java:45: error: cannot find symbol
    public boolean containsVariant(MorphVariant variant)
                                   ^
  symbol:   class MorphVariant
  location: class PlayerMorphData
/app/src/main/java/me/ichun/mods/morph/common/morph/save/PlayerMorphData.java:57: error: cannot find symbol
    public MorphVariant addVariant(MorphVariant variant) //returns the morph it was added to.
                                   ^
  symbol:   class MorphVariant
  location: class PlayerMorphData
/app/src/main/java/me/ichun/mods/morph/common/morph/save/PlayerMorphData.java:57: error: cannot find symbol
    public MorphVariant addVariant(MorphVariant variant) //returns the morph it was added to.
           ^
  symbol:   class MorphVariant
  location: class PlayerMorphData
/app/src/main/java/me/ichun/mods/morph/common/morph/save/PlayerMorphData.java:78: error: cannot find symbol
    public BiomassUpgrade getBiomassUpgrade(String id)
           ^
  symbol:   class BiomassUpgrade
  location: class PlayerMorphData
/app/src/main/java/me/ichun/mods/morph/common/morph/save/PlayerMorphData.java:100: error: cannot find symbol
    public CompoundNBT write(CompoundNBT tag)
                             ^
  symbol:   class CompoundNBT
  location: class PlayerMorphData
/app/src/main/java/me/ichun/mods/morph/common/morph/save/PlayerMorphData.java:100: error: cannot find symbol
    public CompoundNBT write(CompoundNBT tag)
           ^
  symbol:   class CompoundNBT
  location: class PlayerMorphData
/app/src/main/java/me/ichun/mods/morph/common/morph/save/PlayerMorphData.java:120: error: cannot find symbol
    public void read(CompoundNBT tag)
                     ^
  symbol:   class CompoundNBT
  location: class PlayerMorphData
/app/src/main/java/me/ichun/mods/morph/common/morph/save/MorphSavedData.java:21: error: cannot find symbol
    public void read(CompoundNBT tag)
                     ^
  symbol:   class CompoundNBT
  location: class MorphSavedData
/app/src/main/java/me/ichun/mods/morph/common/morph/save/MorphSavedData.java:36: error: cannot find symbol
    public CompoundNBT write(CompoundNBT tag)
                             ^
  symbol:   class CompoundNBT
  location: class MorphSavedData
/app/src/main/java/me/ichun/mods/morph/common/morph/save/MorphSavedData.java:36: error: cannot find symbol
    public CompoundNBT write(CompoundNBT tag)
           ^
  symbol:   class CompoundNBT
  location: class MorphSavedData
/app/src/main/java/me/ichun/mods/morph/common/mode/MorphMode.java:15: error: cannot find symbol
    void handleMurderEvent(ServerPlayerEntity player, LivingEntity living);
                           ^
  symbol:   class ServerPlayerEntity
  location: interface MorphMode
/app/src/main/java/me/ichun/mods/morph/common/mode/MorphMode.java:15: error: cannot find symbol
    void handleMurderEvent(ServerPlayerEntity player, LivingEntity living);
                                                      ^
  symbol:   class LivingEntity
  location: interface MorphMode
/app/src/main/java/me/ichun/mods/morph/common/mode/MorphMode.java:17: error: cannot find symbol
    boolean canShowMorphSelector(PlayerEntity player);
                                 ^
  symbol:   class PlayerEntity
  location: interface MorphMode
/app/src/main/java/me/ichun/mods/morph/common/mode/MorphMode.java:19: error: cannot find symbol
    boolean canMorph(PlayerEntity player); //if the player has the ability to morph and is not mid-morph
                     ^
  symbol:   class PlayerEntity
  location: interface MorphMode
/app/src/main/java/me/ichun/mods/morph/common/mode/MorphMode.java:21: error: cannot find symbol
    boolean canAcquireMorph(PlayerEntity player, LivingEntity living, @Nullable MorphVariant variant); //NOT FOR BLACKLISTING! Variant creation and acquire morph already checks the blacklist. This is for other reasons eg upgrade related stuff or range related stuff
                            ^
  symbol:   class PlayerEntity
  location: interface MorphMode
/app/src/main/java/me/ichun/mods/morph/common/mode/MorphMode.java:21: error: cannot find symbol
    boolean canAcquireMorph(PlayerEntity player, LivingEntity living, @Nullable MorphVariant variant); //NOT FOR BLACKLISTING! Variant creation and acquire morph already checks the blacklist. This is for other reasons eg upgrade related stuff or range related stuff
                                                 ^
  symbol:   class LivingEntity
  location: interface MorphMode
/app/src/main/java/me/ichun/mods/morph/common/mode/MorphMode.java:21: error: cannot find symbol
    boolean canAcquireMorph(PlayerEntity player, LivingEntity living, @Nullable MorphVariant variant); //NOT FOR BLACKLISTING! Variant creation and acquire morph already checks the blacklist. This is for other reasons eg upgrade related stuff or range related stuff
                                                                                ^
  symbol:   class MorphVariant
  location: interface MorphMode
/app/src/main/java/me/ichun/mods/morph/common/mode/MorphMode.java:23: error: cannot find symbol
    int getMorphingDuration(PlayerEntity player);
                            ^
  symbol:   class PlayerEntity
  location: interface MorphMode
/app/src/main/java/me/ichun/mods/morph/common/mode/MorphMode.java:25: error: cannot find symbol
    ArrayList<Trait<?>> getTraitsForVariant(PlayerEntity player, MorphVariant variant); //create a copy of all the applicable traits and sets the player to the provided arg
                                            ^
  symbol:   class PlayerEntity
  location: interface MorphMode
/app/src/main/java/me/ichun/mods/morph/common/mode/MorphMode.java:25: error: cannot find symbol
    ArrayList<Trait<?>> getTraitsForVariant(PlayerEntity player, MorphVariant variant); //create a copy of all the applicable traits and sets the player to the provided arg
                                                                 ^
  symbol:   class MorphVariant
  location: interface MorphMode
/app/src/main/java/me/ichun/mods/morph/common/mode/MorphMode.java:25: error: cannot find symbol
    ArrayList<Trait<?>> getTraitsForVariant(PlayerEntity player, MorphVariant variant); //create a copy of all the applicable traits and sets the player to the provided arg
              ^
  symbol:   class Trait
  location: interface MorphMode
/app/src/main/java/me/ichun/mods/morph/common/mode/MorphMode.java:27: error: cannot find symbol
    boolean canUseAbility(PlayerEntity player, Ability<?> ability);
                          ^
  symbol:   class PlayerEntity
  location: interface MorphMode
/app/src/main/java/me/ichun/mods/morph/common/mode/MorphMode.java:27: error: cannot find symbol
    boolean canUseAbility(PlayerEntity player, Ability<?> ability);
                                               ^
  symbol:   class Ability
  location: interface MorphMode
/app/src/main/java/me/ichun/mods/morph/common/mode/MorphMode.java:29: error: cannot find symbol
    boolean hasUnlockedBiomass(PlayerEntity player);
                               ^
  symbol:   class PlayerEntity
  location: interface MorphMode
/app/src/main/java/me/ichun/mods/morph/common/mode/MorphMode.java:31: error: cannot find symbol
    boolean canAcquireBiomass(PlayerEntity player, LivingEntity living);
                              ^
  symbol:   class PlayerEntity
  location: interface MorphMode
/app/src/main/java/me/ichun/mods/morph/common/mode/MorphMode.java:31: error: cannot find symbol
    boolean canAcquireBiomass(PlayerEntity player, LivingEntity living);
                                                   ^
  symbol:   class LivingEntity
  location: interface MorphMode
/app/src/main/java/me/ichun/mods/morph/common/mode/MorphMode.java:33: error: cannot find symbol
    double getBiomassAmount(PlayerEntity player, LivingEntity living);
                            ^
  symbol:   class PlayerEntity
  location: interface MorphMode
/app/src/main/java/me/ichun/mods/morph/common/mode/MorphMode.java:33: error: cannot find symbol
    double getBiomassAmount(PlayerEntity player, LivingEntity living);
                                                 ^
  symbol:   class LivingEntity
  location: interface MorphMode
/app/src/main/java/me/ichun/mods/morph/common/morph/nbt/NbtHandler.java:7: error: package me.ichun.mods.morph.api.event does not exist
import me.ichun.mods.morph.api.event.MorphLoadResourceEvent;
                                    ^
/app/src/main/java/me/ichun/mods/morph/common/morph/nbt/NbtHandler.java:8: error: package me.ichun.mods.morph.api.mob.nbt does not exist
import me.ichun.mods.morph.api.mob.nbt.NbtModifier;
                                      ^
/app/src/main/java/me/ichun/mods/morph/common/morph/nbt/NbtHandler.java:11: error: package net.minecraft.entity does not exist
import net.minecraft.entity.LivingEntity;
                           ^
/app/src/main/java/me/ichun/mods/morph/common/morph/nbt/NbtHandler.java:12: error: cannot find symbol
import net.minecraft.nbt.CompoundNBT;
                        ^
  symbol:   class CompoundNBT
  location: package net.minecraft.nbt
/app/src/main/java/me/ichun/mods/morph/common/morph/nbt/NbtHandler.java:26: error: cannot find symbol
    public static final HashMap<Class<? extends LivingEntity>, NbtModifier> NBT_MODIFIERS = new HashMap<>();
                                                ^
  symbol:   class LivingEntity
  location: class NbtHandler
/app/src/main/java/me/ichun/mods/morph/common/morph/nbt/NbtHandler.java:26: error: cannot find symbol
    public static final HashMap<Class<? extends LivingEntity>, NbtModifier> NBT_MODIFIERS = new HashMap<>();
                                                               ^
  symbol:   class NbtModifier
  location: class NbtHandler
/app/src/main/java/me/ichun/mods/morph/common/morph/nbt/NbtHandler.java:27: error: cannot find symbol
    public static final HashMap<Class<?>, NbtModifier> NBT_MODIFIERS_INTERFACES = new HashMap<>();
                                          ^
  symbol:   class NbtModifier
  location: class NbtHandler
/app/src/main/java/me/ichun/mods/morph/common/morph/nbt/NbtHandler.java:158: error: cannot find symbol
    public static NbtModifier getModifierFor(LivingEntity living)
                                             ^
  symbol:   class LivingEntity
  location: class NbtHandler
/app/src/main/java/me/ichun/mods/morph/common/morph/nbt/NbtHandler.java:158: error: cannot find symbol
    public static NbtModifier getModifierFor(LivingEntity living)
                  ^
  symbol:   class NbtModifier
  location: class NbtHandler
/app/src/main/java/me/ichun/mods/morph/common/morph/nbt/NbtHandler.java:168: error: cannot find symbol
    public static NbtModifier getModifierFor(Class clz)
                  ^
  symbol:   class NbtModifier
  location: class NbtHandler
/app/src/main/java/me/ichun/mods/morph/common/morph/nbt/NbtHandler.java:224: error: cannot find symbol
    public static void removeEmptyCompoundTags(CompoundNBT tag)
                                               ^
  symbol:   class CompoundNBT
  location: class NbtHandler
/app/src/main/java/me/ichun/mods/morph/common/config/ConfigServer.java:6: error: package me.ichun.mods.morph.api.morph does not exist
import me.ichun.mods.morph.api.morph.AttributeConfig;
                                    ^
/app/src/main/java/me/ichun/mods/morph/common/config/ConfigServer.java:10: error: cannot find symbol
import net.minecraft.util.ResourceLocation;
                         ^
  symbol:   class ResourceLocation
  location: package net.minecraft.util
/app/src/main/java/me/ichun/mods/morph/common/config/ConfigServer.java:11: error: cannot find symbol
import net.minecraft.util.Util;
                         ^
  symbol:   class Util
  location: package net.minecraft.util
/app/src/main/java/me/ichun/mods/morph/common/config/ConfigServer.java:12: error: package net.minecraftforge.fml.common.thread does not exist
import net.minecraftforge.fml.common.thread.EffectiveSide;
                                           ^
/app/src/main/java/me/ichun/mods/morph/common/config/ConfigServer.java:14: error: cannot find symbol
import net.minecraftforge.fml.server.ServerLifecycleHooks;
                                    ^
  symbol:   class ServerLifecycleHooks
  location: package net.minecraftforge.fml.server
/app/src/main/java/me/ichun/mods/morph/common/config/ConfigServer.java:86: error: cannot find symbol
    public transient HashMap<ResourceLocation, AttributeConfig> supportedAttributesMap = new HashMap<>();
                             ^
  symbol:   class ResourceLocation
  location: class ConfigServer
/app/src/main/java/me/ichun/mods/morph/common/config/ConfigServer.java:86: error: cannot find symbol
    public transient HashMap<ResourceLocation, AttributeConfig> supportedAttributesMap = new HashMap<>();
                                               ^
  symbol:   class AttributeConfig
  location: class ConfigServer
/app/src/main/java/me/ichun/mods/morph/common/mode/CommandMode.java:3: error: package me.ichun.mods.morph.api.mob does not exist
import me.ichun.mods.morph.api.mob.MobData;
                                  ^
/app/src/main/java/me/ichun/mods/morph/common/mode/CommandMode.java:4: error: package me.ichun.mods.morph.api.mob.trait does not exist
import me.ichun.mods.morph.api.mob.trait.Trait;
                                        ^
/app/src/main/java/me/ichun/mods/morph/common/mode/CommandMode.java:5: error: package me.ichun.mods.morph.api.mob.trait.ability does not exist
import me.ichun.mods.morph.api.mob.trait.ability.Ability;
                                                ^
/app/src/main/java/me/ichun/mods/morph/common/mode/CommandMode.java:6: error: package me.ichun.mods.morph.api.morph does not exist
import me.ichun.mods.morph.api.morph.MorphInfo;
                                    ^
/app/src/main/java/me/ichun/mods/morph/common/mode/CommandMode.java:7: error: package me.ichun.mods.morph.api.morph does not exist
import me.ichun.mods.morph.api.morph.MorphVariant;
                                    ^
/app/src/main/java/me/ichun/mods/morph/common/mode/CommandMode.java:11: error: package net.minecraft.entity does not exist
import net.minecraft.entity.LivingEntity;
                           ^
/app/src/main/java/me/ichun/mods/morph/common/mode/CommandMode.java:12: error: package net.minecraft.entity.player does not exist
import net.minecraft.entity.player.PlayerEntity;
                                  ^
/app/src/main/java/me/ichun/mods/morph/common/mode/CommandMode.java:13: error: package net.minecraft.entity.player does not exist
import net.minecraft.entity.player.ServerPlayerEntity;
                                  ^
/app/src/main/java/me/ichun/mods/morph/common/mode/CommandMode.java:25: error: cannot find symbol
    public void handleMurderEvent(ServerPlayerEntity player, LivingEntity living){}
                                  ^
  symbol:   class ServerPlayerEntity
  location: class CommandMode
/app/src/main/java/me/ichun/mods/morph/common/mode/CommandMode.java:25: error: cannot find symbol
    public void handleMurderEvent(ServerPlayerEntity player, LivingEntity living){}
                                                             ^
  symbol:   class LivingEntity
  location: class CommandMode
/app/src/main/java/me/ichun/mods/morph/common/mode/CommandMode.java:28: error: cannot find symbol
    public boolean canShowMorphSelector(PlayerEntity player)
                                        ^
  symbol:   class PlayerEntity
  location: class CommandMode
/app/src/main/java/me/ichun/mods/morph/common/mode/CommandMode.java:34: error: cannot find symbol
    public boolean canMorph(PlayerEntity player)
                            ^
  symbol:   class PlayerEntity
  location: class CommandMode
/app/src/main/java/me/ichun/mods/morph/common/mode/CommandMode.java:53: error: cannot find symbol
    public boolean canAcquireMorph(PlayerEntity player, LivingEntity living, @Nullable MorphVariant variant)
                                   ^
  symbol:   class PlayerEntity
  location: class CommandMode
/app/src/main/java/me/ichun/mods/morph/common/mode/CommandMode.java:53: error: cannot find symbol
    public boolean canAcquireMorph(PlayerEntity player, LivingEntity living, @Nullable MorphVariant variant)
                                                        ^
  symbol:   class LivingEntity
  location: class CommandMode
/app/src/main/java/me/ichun/mods/morph/common/mode/CommandMode.java:53: error: cannot find symbol
    public boolean canAcquireMorph(PlayerEntity player, LivingEntity living, @Nullable MorphVariant variant)
                                                                                       ^
  symbol:   class MorphVariant
  location: class CommandMode
/app/src/main/java/me/ichun/mods/morph/common/mode/CommandMode.java:59: error: cannot find symbol
    public int getMorphingDuration(PlayerEntity player)
                                   ^
  symbol:   class PlayerEntity
  location: class CommandMode
/app/src/main/java/me/ichun/mods/morph/common/mode/CommandMode.java:65: error: cannot find symbol
    public ArrayList<Trait<?>> getTraitsForVariant(PlayerEntity player, MorphVariant variant)
                                                   ^
  symbol:   class PlayerEntity
  location: class CommandMode
/app/src/main/java/me/ichun/mods/morph/common/mode/CommandMode.java:65: error: cannot find symbol
    public ArrayList<Trait<?>> getTraitsForVariant(PlayerEntity player, MorphVariant variant)
                                                                        ^
  symbol:   class MorphVariant
  location: class CommandMode
/app/src/main/java/me/ichun/mods/morph/common/mode/CommandMode.java:65: error: cannot find symbol
    public ArrayList<Trait<?>> getTraitsForVariant(PlayerEntity player, MorphVariant variant)
                     ^
  symbol:   class Trait
  location: class CommandMode
/app/src/main/java/me/ichun/mods/morph/common/mode/CommandMode.java:92: error: cannot find symbol
    public boolean canUseAbility(PlayerEntity player, Ability<?> ability)
                                 ^
  symbol:   class PlayerEntity
  location: class CommandMode
/app/src/main/java/me/ichun/mods/morph/common/mode/CommandMode.java:92: error: cannot find symbol
    public boolean canUseAbility(PlayerEntity player, Ability<?> ability)
                                                      ^
  symbol:   class Ability
  location: class CommandMode
/app/src/main/java/me/ichun/mods/morph/common/mode/CommandMode.java:98: error: cannot find symbol
    public boolean hasUnlockedBiomass(PlayerEntity player)
                                      ^
  symbol:   class PlayerEntity
  location: class CommandMode
/app/src/main/java/me/ichun/mods/morph/common/mode/CommandMode.java:104: error: cannot find symbol
    public boolean canAcquireBiomass(PlayerEntity player, LivingEntity living)
                                     ^
  symbol:   class PlayerEntity
  location: class CommandMode
/app/src/main/java/me/ichun/mods/morph/common/mode/CommandMode.java:104: error: cannot find symbol
    public boolean canAcquireBiomass(PlayerEntity player, LivingEntity living)
                                                          ^
  symbol:   class LivingEntity
  location: class CommandMode
/app/src/main/java/me/ichun/mods/morph/common/mode/CommandMode.java:110: error: cannot find symbol
    public double getBiomassAmount(PlayerEntity player, LivingEntity living)
                                   ^
  symbol:   class PlayerEntity
  location: class CommandMode
/app/src/main/java/me/ichun/mods/morph/common/mode/CommandMode.java:110: error: cannot find symbol
    public double getBiomassAmount(PlayerEntity player, LivingEntity living)
                                                        ^
  symbol:   class LivingEntity
  location: class CommandMode
/app/src/main/java/me/ichun/mods/morph/common/mode/ClassicMode.java:3: error: package me.ichun.mods.morph.api.event does not exist
import me.ichun.mods.morph.api.event.MorphEvent;
                                    ^
/app/src/main/java/me/ichun/mods/morph/common/mode/ClassicMode.java:4: error: package me.ichun.mods.morph.api.mob does not exist
import me.ichun.mods.morph.api.mob.MobData;
                                  ^
/app/src/main/java/me/ichun/mods/morph/common/mode/ClassicMode.java:5: error: package me.ichun.mods.morph.api.mob.trait does not exist
import me.ichun.mods.morph.api.mob.trait.Trait;
                                        ^
/app/src/main/java/me/ichun/mods/morph/common/mode/ClassicMode.java:6: error: package me.ichun.mods.morph.api.mob.trait.ability does not exist
import me.ichun.mods.morph.api.mob.trait.ability.Ability;
                                                ^
/app/src/main/java/me/ichun/mods/morph/common/mode/ClassicMode.java:7: error: package me.ichun.mods.morph.api.morph does not exist
import me.ichun.mods.morph.api.morph.MorphInfo;
                                    ^
/app/src/main/java/me/ichun/mods/morph/common/mode/ClassicMode.java:8: error: package me.ichun.mods.morph.api.morph does not exist
import me.ichun.mods.morph.api.morph.MorphVariant;
                                    ^
/app/src/main/java/me/ichun/mods/morph/common/mode/ClassicMode.java:13: error: package net.minecraft.entity does not exist
import net.minecraft.entity.LivingEntity;
                           ^
/app/src/main/java/me/ichun/mods/morph/common/mode/ClassicMode.java:14: error: package net.minecraft.entity.player does not exist
import net.minecraft.entity.player.PlayerEntity;
                                  ^
/app/src/main/java/me/ichun/mods/morph/common/mode/ClassicMode.java:15: error: package net.minecraft.entity.player does not exist
import net.minecraft.entity.player.ServerPlayerEntity;
                                  ^
/app/src/main/java/me/ichun/mods/morph/common/mode/ClassicMode.java:24: error: cannot find symbol
    public void handleMurderEvent(ServerPlayerEntity player, LivingEntity living)
                                  ^
  symbol:   class ServerPlayerEntity
  location: class ClassicMode
/app/src/main/java/me/ichun/mods/morph/common/mode/ClassicMode.java:24: error: cannot find symbol
    public void handleMurderEvent(ServerPlayerEntity player, LivingEntity living)
                                                             ^
  symbol:   class LivingEntity
  location: class ClassicMode
/app/src/main/java/me/ichun/mods/morph/common/mode/ClassicMode.java:39: error: cannot find symbol
    public boolean canShowMorphSelector(PlayerEntity player)
                                        ^
  symbol:   class PlayerEntity
  location: class ClassicMode
/app/src/main/java/me/ichun/mods/morph/common/mode/ClassicMode.java:45: error: cannot find symbol
    public boolean canMorph(PlayerEntity player)
                            ^
  symbol:   class PlayerEntity
  location: class ClassicMode
/app/src/main/java/me/ichun/mods/morph/common/mode/ClassicMode.java:64: error: cannot find symbol
    public boolean canAcquireMorph(PlayerEntity player, LivingEntity living, @Nullable MorphVariant variant) //variant should be the MorphVariant of the EntityLiving we're trying to acquire
                                   ^
  symbol:   class PlayerEntity
  location: class ClassicMode
/app/src/main/java/me/ichun/mods/morph/common/mode/ClassicMode.java:64: error: cannot find symbol
    public boolean canAcquireMorph(PlayerEntity player, LivingEntity living, @Nullable MorphVariant variant) //variant should be the MorphVariant of the EntityLiving we're trying to acquire
                                                        ^
  symbol:   class LivingEntity
  location: class ClassicMode
/app/src/main/java/me/ichun/mods/morph/common/mode/ClassicMode.java:64: error: cannot find symbol
    public boolean canAcquireMorph(PlayerEntity player, LivingEntity living, @Nullable MorphVariant variant) //variant should be the MorphVariant of the EntityLiving we're trying to acquire
                                                                                       ^
  symbol:   class MorphVariant
  location: class ClassicMode
/app/src/main/java/me/ichun/mods/morph/common/mode/ClassicMode.java:77: error: cannot find symbol
    public int getMorphingDuration(PlayerEntity player)
                                   ^
  symbol:   class PlayerEntity
  location: class ClassicMode
/app/src/main/java/me/ichun/mods/morph/common/mode/ClassicMode.java:83: error: cannot find symbol
    public ArrayList<Trait<?>> getTraitsForVariant(PlayerEntity player, MorphVariant variant)
                                                   ^
  symbol:   class PlayerEntity
  location: class ClassicMode
/app/src/main/java/me/ichun/mods/morph/common/mode/ClassicMode.java:83: error: cannot find symbol
    public ArrayList<Trait<?>> getTraitsForVariant(PlayerEntity player, MorphVariant variant)
                                                                        ^
  symbol:   class MorphVariant
  location: class ClassicMode
/app/src/main/java/me/ichun/mods/morph/common/mode/ClassicMode.java:83: error: cannot find symbol
    public ArrayList<Trait<?>> getTraitsForVariant(PlayerEntity player, MorphVariant variant)
                     ^
  symbol:   class Trait
  location: class ClassicMode
/app/src/main/java/me/ichun/mods/morph/common/mode/ClassicMode.java:120: error: cannot find symbol
    public boolean canUseAbility(PlayerEntity player, Ability<?> ability)
                                 ^
  symbol:   class PlayerEntity
  location: class ClassicMode
/app/src/main/java/me/ichun/mods/morph/common/mode/ClassicMode.java:120: error: cannot find symbol
    public boolean canUseAbility(PlayerEntity player, Ability<?> ability)
                                                      ^
  symbol:   class Ability
  location: class ClassicMode
/app/src/main/java/me/ichun/mods/morph/common/mode/ClassicMode.java:126: error: cannot find symbol
    public boolean hasUnlockedBiomass(PlayerEntity player)
                                      ^
  symbol:   class PlayerEntity
  location: class ClassicMode
/app/src/main/java/me/ichun/mods/morph/common/mode/ClassicMode.java:132: error: cannot find symbol
    public boolean canAcquireBiomass(PlayerEntity player, LivingEntity living)
                                     ^
  symbol:   class PlayerEntity
  location: class ClassicMode
/app/src/main/java/me/ichun/mods/morph/common/mode/ClassicMode.java:132: error: cannot find symbol
    public boolean canAcquireBiomass(PlayerEntity player, LivingEntity living)
                                                          ^
  symbol:   class LivingEntity
  location: class ClassicMode
/app/src/main/java/me/ichun/mods/morph/common/mode/ClassicMode.java:138: error: cannot find symbol
    public double getBiomassAmount(PlayerEntity player, LivingEntity living)
                                   ^
  symbol:   class PlayerEntity
  location: class ClassicMode
/app/src/main/java/me/ichun/mods/morph/common/mode/ClassicMode.java:138: error: cannot find symbol
    public double getBiomassAmount(PlayerEntity player, LivingEntity living)
                                                        ^
  symbol:   class LivingEntity
  location: class ClassicMode
/app/src/main/java/me/ichun/mods/morph/common/mode/DisguiseMode.java:3: error: package me.ichun.mods.morph.api.mob does not exist
import me.ichun.mods.morph.api.mob.MobData;
                                  ^
/app/src/main/java/me/ichun/mods/morph/common/mode/DisguiseMode.java:4: error: package me.ichun.mods.morph.api.mob.trait does not exist
import me.ichun.mods.morph.api.mob.trait.Trait;
                                        ^
/app/src/main/java/me/ichun/mods/morph/common/mode/DisguiseMode.java:5: error: package me.ichun.mods.morph.api.mob.trait.ability does not exist
import me.ichun.mods.morph.api.mob.trait.ability.Ability;
                                                ^
/app/src/main/java/me/ichun/mods/morph/common/mode/DisguiseMode.java:6: error: package me.ichun.mods.morph.api.morph does not exist
import me.ichun.mods.morph.api.morph.MorphInfo;
                                    ^
/app/src/main/java/me/ichun/mods/morph/common/mode/DisguiseMode.java:7: error: package me.ichun.mods.morph.api.morph does not exist
import me.ichun.mods.morph.api.morph.MorphVariant;
                                    ^
/app/src/main/java/me/ichun/mods/morph/common/mode/DisguiseMode.java:11: error: package net.minecraft.entity does not exist
import net.minecraft.entity.LivingEntity;
                           ^
/app/src/main/java/me/ichun/mods/morph/common/mode/DisguiseMode.java:12: error: package net.minecraft.entity.player does not exist
import net.minecraft.entity.player.PlayerEntity;
                                  ^
/app/src/main/java/me/ichun/mods/morph/common/mode/DisguiseMode.java:13: error: package net.minecraft.entity.player does not exist
import net.minecraft.entity.player.ServerPlayerEntity;
                                  ^
/app/src/main/java/me/ichun/mods/morph/common/mode/DisguiseMode.java:21: error: cannot find symbol
    public void handleMurderEvent(ServerPlayerEntity player, LivingEntity living)
                                  ^
  symbol:   class ServerPlayerEntity
  location: class DisguiseMode
/app/src/main/java/me/ichun/mods/morph/common/mode/DisguiseMode.java:21: error: cannot find symbol
    public void handleMurderEvent(ServerPlayerEntity player, LivingEntity living)
                                                             ^
  symbol:   class LivingEntity
  location: class DisguiseMode
/app/src/main/java/me/ichun/mods/morph/common/mode/DisguiseMode.java:32: error: cannot find symbol
    public boolean canShowMorphSelector(PlayerEntity player)
                                        ^
  symbol:   class PlayerEntity
  location: class DisguiseMode
/app/src/main/java/me/ichun/mods/morph/common/mode/DisguiseMode.java:38: error: cannot find symbol
    public boolean canMorph(PlayerEntity player)
                            ^
  symbol:   class PlayerEntity
  location: class DisguiseMode
/app/src/main/java/me/ichun/mods/morph/common/mode/DisguiseMode.java:57: error: cannot find symbol
    public boolean canAcquireMorph(PlayerEntity player, LivingEntity living, @Nullable MorphVariant variant)
                                   ^
  symbol:   class PlayerEntity
  location: class DisguiseMode
/app/src/main/java/me/ichun/mods/morph/common/mode/DisguiseMode.java:57: error: cannot find symbol
    public boolean canAcquireMorph(PlayerEntity player, LivingEntity living, @Nullable MorphVariant variant)
                                                        ^
  symbol:   class LivingEntity
  location: class DisguiseMode
/app/src/main/java/me/ichun/mods/morph/common/mode/DisguiseMode.java:57: error: cannot find symbol
    public boolean canAcquireMorph(PlayerEntity player, LivingEntity living, @Nullable MorphVariant variant)
                                                                                       ^
  symbol:   class MorphVariant
  location: class DisguiseMode
/app/src/main/java/me/ichun/mods/morph/common/mode/DisguiseMode.java:63: error: cannot find symbol
    public int getMorphingDuration(PlayerEntity player)
                                   ^
  symbol:   class PlayerEntity
  location: class DisguiseMode
/app/src/main/java/me/ichun/mods/morph/common/mode/DisguiseMode.java:69: error: cannot find symbol
    public ArrayList<Trait<?>> getTraitsForVariant(PlayerEntity player, MorphVariant variant)
                                                   ^
  symbol:   class PlayerEntity
  location: class DisguiseMode
/app/src/main/java/me/ichun/mods/morph/common/mode/DisguiseMode.java:69: error: cannot find symbol
    public ArrayList<Trait<?>> getTraitsForVariant(PlayerEntity player, MorphVariant variant)
                                                                        ^
  symbol:   class MorphVariant
  location: class DisguiseMode
/app/src/main/java/me/ichun/mods/morph/common/mode/DisguiseMode.java:69: error: cannot find symbol
    public ArrayList<Trait<?>> getTraitsForVariant(PlayerEntity player, MorphVariant variant)
                     ^
  symbol:   class Trait
  location: class DisguiseMode
/app/src/main/java/me/ichun/mods/morph/common/mode/DisguiseMode.java:96: error: cannot find symbol
    public boolean canUseAbility(PlayerEntity player, Ability<?> ability)
                                 ^
  symbol:   class PlayerEntity
  location: class DisguiseMode
/app/src/main/java/me/ichun/mods/morph/common/mode/DisguiseMode.java:96: error: cannot find symbol
    public boolean canUseAbility(PlayerEntity player, Ability<?> ability)
                                                      ^
  symbol:   class Ability
  location: class DisguiseMode
/app/src/main/java/me/ichun/mods/morph/common/mode/DisguiseMode.java:102: error: cannot find symbol
    public boolean hasUnlockedBiomass(PlayerEntity player)
                                      ^
  symbol:   class PlayerEntity
  location: class DisguiseMode
/app/src/main/java/me/ichun/mods/morph/common/mode/DisguiseMode.java:108: error: cannot find symbol
    public boolean canAcquireBiomass(PlayerEntity player, LivingEntity living)
                                     ^
  symbol:   class PlayerEntity
  location: class DisguiseMode
/app/src/main/java/me/ichun/mods/morph/common/mode/DisguiseMode.java:108: error: cannot find symbol
    public boolean canAcquireBiomass(PlayerEntity player, LivingEntity living)
                                                          ^
  symbol:   class LivingEntity
  location: class DisguiseMode
/app/src/main/java/me/ichun/mods/morph/common/mode/DisguiseMode.java:114: error: cannot find symbol
    public double getBiomassAmount(PlayerEntity player, LivingEntity living)
                                   ^
  symbol:   class PlayerEntity
  location: class DisguiseMode
/app/src/main/java/me/ichun/mods/morph/common/mode/DisguiseMode.java:114: error: cannot find symbol
    public double getBiomassAmount(PlayerEntity player, LivingEntity living)
                                                        ^
  symbol:   class LivingEntity
  location: class DisguiseMode
/app/src/main/java/me/ichun/mods/morph/common/mode/DefaultMode.java:3: error: package me.ichun.mods.ichunutil.common.entity.util does not exist
import me.ichun.mods.ichunutil.common.entity.util.EntityHelper;
                                                 ^
/app/src/main/java/me/ichun/mods/morph/common/mode/DefaultMode.java:4: error: package me.ichun.mods.morph.api.event does not exist
import me.ichun.mods.morph.api.event.MorphEvent;
                                    ^
/app/src/main/java/me/ichun/mods/morph/common/mode/DefaultMode.java:5: error: package me.ichun.mods.morph.api.mob does not exist
import me.ichun.mods.morph.api.mob.MobData;
                                  ^
/app/src/main/java/me/ichun/mods/morph/common/mode/DefaultMode.java:6: error: package me.ichun.mods.morph.api.mob.trait does not exist
import me.ichun.mods.morph.api.mob.trait.Trait;
                                        ^
/app/src/main/java/me/ichun/mods/morph/common/mode/DefaultMode.java:7: error: package me.ichun.mods.morph.api.mob.trait.ability does not exist
import me.ichun.mods.morph.api.mob.trait.ability.Ability;
                                                ^
/app/src/main/java/me/ichun/mods/morph/common/mode/DefaultMode.java:8: error: package me.ichun.mods.morph.api.morph does not exist
import me.ichun.mods.morph.api.morph.MorphInfo;
                                    ^
/app/src/main/java/me/ichun/mods/morph/common/mode/DefaultMode.java:9: error: package me.ichun.mods.morph.api.morph does not exist
import me.ichun.mods.morph.api.morph.MorphVariant;
                                    ^
/app/src/main/java/me/ichun/mods/morph/common/mode/DefaultMode.java:15: error: package net.minecraft.entity does not exist
import net.minecraft.entity.LivingEntity;
                           ^
/app/src/main/java/me/ichun/mods/morph/common/mode/DefaultMode.java:16: error: package net.minecraft.entity.player does not exist
import net.minecraft.entity.player.PlayerEntity;
                                  ^
/app/src/main/java/me/ichun/mods/morph/common/mode/DefaultMode.java:17: error: package net.minecraft.entity.player does not exist
import net.minecraft.entity.player.ServerPlayerEntity;
                                  ^
/app/src/main/java/me/ichun/mods/morph/common/mode/DefaultMode.java:28: error: cannot find symbol
    public void handleMurderEvent(ServerPlayerEntity player, LivingEntity living)
                                  ^
  symbol:   class ServerPlayerEntity
  location: class DefaultMode
/app/src/main/java/me/ichun/mods/morph/common/mode/DefaultMode.java:28: error: cannot find symbol
    public void handleMurderEvent(ServerPlayerEntity player, LivingEntity living)
                                                             ^
  symbol:   class LivingEntity
  location: class DefaultMode
/app/src/main/java/me/ichun/mods/morph/common/mode/DefaultMode.java:76: error: cannot find symbol
    public boolean canShowMorphSelector(PlayerEntity player)
                                        ^
  symbol:   class PlayerEntity
  location: class DefaultMode
/app/src/main/java/me/ichun/mods/morph/common/mode/DefaultMode.java:82: error: cannot find symbol
    public boolean canMorph(PlayerEntity player)
                            ^
  symbol:   class PlayerEntity
  location: class DefaultMode
/app/src/main/java/me/ichun/mods/morph/common/mode/DefaultMode.java:101: error: cannot find symbol
    public boolean canAcquireMorph(PlayerEntity player, LivingEntity living, @Nullable MorphVariant variant)
                                   ^
  symbol:   class PlayerEntity
  location: class DefaultMode
/app/src/main/java/me/ichun/mods/morph/common/mode/DefaultMode.java:101: error: cannot find symbol
    public boolean canAcquireMorph(PlayerEntity player, LivingEntity living, @Nullable MorphVariant variant)
                                                        ^
  symbol:   class LivingEntity
  location: class DefaultMode
/app/src/main/java/me/ichun/mods/morph/common/mode/DefaultMode.java:101: error: cannot find symbol
    public boolean canAcquireMorph(PlayerEntity player, LivingEntity living, @Nullable MorphVariant variant)
                                                                                       ^
  symbol:   class MorphVariant
  location: class DefaultMode
/app/src/main/java/me/ichun/mods/morph/common/mode/DefaultMode.java:114: error: cannot find symbol
    public int getMorphingDuration(PlayerEntity player)
                                   ^
  symbol:   class PlayerEntity
  location: class DefaultMode
/app/src/main/java/me/ichun/mods/morph/common/mode/DefaultMode.java:120: error: cannot find symbol
    public ArrayList<Trait<?>> getTraitsForVariant(PlayerEntity player, MorphVariant variant)
                                                   ^
  symbol:   class PlayerEntity
  location: class DefaultMode
/app/src/main/java/me/ichun/mods/morph/common/mode/DefaultMode.java:120: error: cannot find symbol
    public ArrayList<Trait<?>> getTraitsForVariant(PlayerEntity player, MorphVariant variant)
                                                                        ^
  symbol:   class MorphVariant
  location: class DefaultMode
/app/src/main/java/me/ichun/mods/morph/common/mode/DefaultMode.java:120: error: cannot find symbol
    public ArrayList<Trait<?>> getTraitsForVariant(PlayerEntity player, MorphVariant variant)
                     ^
  symbol:   class Trait
  location: class DefaultMode
/app/src/main/java/me/ichun/mods/morph/common/mode/DefaultMode.java:127: error: cannot find symbol
    public boolean canUseAbility(PlayerEntity player, Ability<?> ability)
                                 ^
  symbol:   class PlayerEntity
  location: class DefaultMode
/app/src/main/java/me/ichun/mods/morph/common/mode/DefaultMode.java:127: error: cannot find symbol
    public boolean canUseAbility(PlayerEntity player, Ability<?> ability)
                                                      ^
  symbol:   class Ability
  location: class DefaultMode
/app/src/main/java/me/ichun/mods/morph/common/mode/DefaultMode.java:134: error: cannot find symbol
    public boolean hasUnlockedBiomass(PlayerEntity player)
                                      ^
  symbol:   class PlayerEntity
  location: class DefaultMode
/app/src/main/java/me/ichun/mods/morph/common/mode/DefaultMode.java:140: error: cannot find symbol
    public boolean canAcquireBiomass(PlayerEntity player, LivingEntity living)
                                     ^
  symbol:   class PlayerEntity
  location: class DefaultMode
/app/src/main/java/me/ichun/mods/morph/common/mode/DefaultMode.java:140: error: cannot find symbol
    public boolean canAcquireBiomass(PlayerEntity player, LivingEntity living)
                                                          ^
  symbol:   class LivingEntity
  location: class DefaultMode
/app/src/main/java/me/ichun/mods/morph/common/mode/DefaultMode.java:164: error: cannot find symbol
    public double getBiomassAmount(PlayerEntity player, LivingEntity living)
                                   ^
  symbol:   class PlayerEntity
  location: class DefaultMode
/app/src/main/java/me/ichun/mods/morph/common/mode/DefaultMode.java:164: error: cannot find symbol
    public double getBiomassAmount(PlayerEntity player, LivingEntity living)
                                                        ^
  symbol:   class LivingEntity
  location: class DefaultMode
/app/src/main/java/me/ichun/mods/morph/common/mode/DefaultMode.java:172: error: cannot find symbol
    public double getLivingWeight(LivingEntity living)
                                  ^
  symbol:   class LivingEntity
  location: class DefaultMode
/app/src/main/java/me/ichun/mods/morph/common/mob/TraitHandler.java:8: error: cannot find symbol
import net.minecraft.util.Util;
                         ^
  symbol:   class Util
  location: package net.minecraft.util
/app/src/main/java/me/ichun/mods/morph/common/mob/TraitHandler.java:15: error: cannot find symbol
    public static final HashMap<String, Class<? extends Trait>> TRAITS = Util.make(new HashMap<>(), m -> {
                                                        ^
  symbol:   class Trait
  location: class TraitHandler
/app/src/main/java/me/ichun/mods/morph/common/mob/TraitHandler.java:48: error: cannot find symbol
    public static void registerTrait(String type, Class<? extends Trait> clz)
                                                                  ^
  symbol:   class Trait
  location: class TraitHandler
/app/src/main/java/me/ichun/mods/morph/common/mob/TraitHandler.java:4: error: package me.ichun.mods.morph.api.mob.trait does not exist
import me.ichun.mods.morph.api.mob.trait.*;
^
/app/src/main/java/me/ichun/mods/morph/common/mob/TraitHandler.java:5: error: package me.ichun.mods.morph.api.mob.trait.ability does not exist
import me.ichun.mods.morph.api.mob.trait.ability.*;
^
/app/src/main/java/me/ichun/mods/morph/common/mob/TraitHandler.java:58: error: cannot find symbol
    public static class TraitDeserialiser implements JsonDeserializer<Trait>, JsonSerializer<Trait>
                                                                      ^
  symbol:   class Trait
  location: class TraitHandler
/app/src/main/java/me/ichun/mods/morph/common/mob/TraitHandler.java:58: error: cannot find symbol
    public static class TraitDeserialiser implements JsonDeserializer<Trait>, JsonSerializer<Trait>
                                                                                             ^
  symbol:   class Trait
  location: class TraitHandler
/app/src/main/java/me/ichun/mods/morph/common/mob/TraitHandler.java:61: error: cannot find symbol
        public Trait deserialize(JsonElement json, Type typeOfT, JsonDeserializationContext context) throws JsonParseException
               ^
  symbol:   class Trait
  location: class TraitDeserialiser
/app/src/main/java/me/ichun/mods/morph/common/mob/TraitHandler.java:66: error: cannot find symbol
        public static Trait _deserialize(JsonElement json, Type typeOfT, JsonDeserializationContext context)
                      ^
  symbol:   class Trait
  location: class TraitDeserialiser
/app/src/main/java/me/ichun/mods/morph/common/mob/TraitHandler.java:90: error: cannot find symbol
        public JsonElement serialize(Trait src, Type typeOfSrc, JsonSerializationContext context)
                                     ^
  symbol:   class Trait
  location: class TraitDeserialiser
/app/src/main/java/me/ichun/mods/morph/common/mob/MobDataHandler.java:7: error: package me.ichun.mods.morph.api.event does not exist
import me.ichun.mods.morph.api.event.MorphLoadResourceEvent;
                                    ^
/app/src/main/java/me/ichun/mods/morph/common/mob/MobDataHandler.java:8: error: package me.ichun.mods.morph.api.mob does not exist
import me.ichun.mods.morph.api.mob.MobData;
                                  ^
/app/src/main/java/me/ichun/mods/morph/common/mob/MobDataHandler.java:11: error: package net.minecraft.entity does not exist
import net.minecraft.entity.EntityType;
                           ^
/app/src/main/java/me/ichun/mods/morph/common/mob/MobDataHandler.java:12: error: package net.minecraft.entity does not exist
import net.minecraft.entity.LivingEntity;
                           ^
/app/src/main/java/me/ichun/mods/morph/common/mob/MobDataHandler.java:13: error: cannot find symbol
import net.minecraft.util.ResourceLocation;
                         ^
  symbol:   class ResourceLocation
  location: package net.minecraft.util
/app/src/main/java/me/ichun/mods/morph/common/mob/MobDataHandler.java:25: error: cannot find symbol
    private static final HashMap<ResourceLocation, MobData> MOB_DATA = new HashMap<>();
                                 ^
  symbol:   class ResourceLocation
  location: class MobDataHandler
/app/src/main/java/me/ichun/mods/morph/common/mob/MobDataHandler.java:25: error: cannot find symbol
    private static final HashMap<ResourceLocation, MobData> MOB_DATA = new HashMap<>();
                                                   ^
  symbol:   class MobData
  location: class MobDataHandler
/app/src/main/java/me/ichun/mods/morph/common/mob/MobDataHandler.java:26: error: cannot find symbol
    private static final HashMap<ResourceLocation, MobData> MOB_DATA_FROM_MODS = new HashMap<>();
                                 ^
  symbol:   class ResourceLocation
  location: class MobDataHandler
/app/src/main/java/me/ichun/mods/morph/common/mob/MobDataHandler.java:26: error: cannot find symbol
    private static final HashMap<ResourceLocation, MobData> MOB_DATA_FROM_MODS = new HashMap<>();
                                                   ^
  symbol:   class MobData
  location: class MobDataHandler
/app/src/main/java/me/ichun/mods/morph/common/mob/MobDataHandler.java:106: error: cannot find symbol
    public static void registerMobData(ResourceLocation rl, MobData data)
                                       ^
  symbol:   class ResourceLocation
  location: class MobDataHandler
/app/src/main/java/me/ichun/mods/morph/common/mob/MobDataHandler.java:106: error: cannot find symbol
    public static void registerMobData(ResourceLocation rl, MobData data)
                                                            ^
  symbol:   class MobData
  location: class MobDataHandler
/app/src/main/java/me/ichun/mods/morph/common/mob/MobDataHandler.java:124: error: cannot find symbol
    public static MobData getMobData(ResourceLocation rl)
                                     ^
  symbol:   class ResourceLocation
  location: class MobDataHandler
/app/src/main/java/me/ichun/mods/morph/common/mob/MobDataHandler.java:124: error: cannot find symbol
    public static MobData getMobData(ResourceLocation rl)
                  ^
  symbol:   class MobData
  location: class MobDataHandler
/app/src/main/java/me/ichun/mods/morph/common/mob/MobDataHandler.java:130: error: cannot find symbol
    public static MobData getMobData(LivingEntity living)
                                     ^
  symbol:   class LivingEntity
  location: class MobDataHandler
/app/src/main/java/me/ichun/mods/morph/common/mob/MobDataHandler.java:130: error: cannot find symbol
    public static MobData getMobData(LivingEntity living)
                  ^
  symbol:   class MobData
  location: class MobDataHandler
/app/src/main/java/me/ichun/mods/morph/common/core/EventHandlerServer.java:3: error: package me.ichun.mods.morph.api.morph does not exist
import me.ichun.mods.morph.api.morph.MorphInfo;
                                    ^
/app/src/main/java/me/ichun/mods/morph/common/core/EventHandlerServer.java:4: error: package me.ichun.mods.morph.api.morph does not exist
import me.ichun.mods.morph.api.morph.MorphVariant;
                                    ^
/app/src/main/java/me/ichun/mods/morph/common/core/EventHandlerServer.java:13: error: package net.minecraft.entity does not exist
import net.minecraft.entity.Entity;
                           ^
/app/src/main/java/me/ichun/mods/morph/common/core/EventHandlerServer.java:14: error: package net.minecraft.entity.player does not exist
import net.minecraft.entity.player.PlayerEntity;
                                  ^
/app/src/main/java/me/ichun/mods/morph/common/core/EventHandlerServer.java:15: error: package net.minecraft.entity.player does not exist
import net.minecraft.entity.player.ServerPlayerEntity;
                                  ^
/app/src/main/java/me/ichun/mods/morph/common/core/EventHandlerServer.java:16: error: cannot find symbol
import net.minecraft.nbt.CompoundNBT;
                        ^
  symbol:   class CompoundNBT
  location: package net.minecraft.nbt
/app/src/main/java/me/ichun/mods/morph/common/core/EventHandlerServer.java:17: error: cannot find symbol
import net.minecraft.util.DamageSource;
                         ^
  symbol:   class DamageSource
  location: package net.minecraft.util
/app/src/main/java/me/ichun/mods/morph/common/core/EventHandlerServer.java:18: error: cannot find symbol
import net.minecraft.world.World;
                          ^
  symbol:   class World
  location: package net.minecraft.world
/app/src/main/java/me/ichun/mods/morph/common/core/EventHandlerServer.java:19: error: package net.minecraft.world.server does not exist
import net.minecraft.world.server.ServerWorld;
                                 ^
/app/src/main/java/me/ichun/mods/morph/common/core/EventHandlerServer.java:25: error: cannot find symbol
import net.minecraftforge.event.entity.EntityJoinWorldEvent;
                                      ^
  symbol:   class EntityJoinWorldEvent
  location: package net.minecraftforge.event.entity
/app/src/main/java/me/ichun/mods/morph/common/core/EventHandlerServer.java:29: error: package net.minecraftforge.event.world does not exist
import net.minecraftforge.event.world.WorldEvent;
                                     ^
/app/src/main/java/me/ichun/mods/morph/common/core/EventHandlerServer.java:31: error: package net.minecraftforge.fml.event.server does not exist
import net.minecraftforge.fml.event.server.FMLServerAboutToStartEvent;
                                          ^
/app/src/main/java/me/ichun/mods/morph/common/core/EventHandlerServer.java:32: error: package net.minecraftforge.fml.event.server does not exist
import net.minecraftforge.fml.event.server.FMLServerStoppedEvent;
                                          ^
/app/src/main/java/me/ichun/mods/morph/common/core/EventHandlerServer.java:37: error: cannot find symbol
    public void onAttachCapabilitiesEntity(AttachCapabilitiesEvent<Entity> event)
                                                                   ^
  symbol:   class Entity
  location: class EventHandlerServer
/app/src/main/java/me/ichun/mods/morph/common/core/EventHandlerServer.java:47: error: cannot find symbol
    public void onEntityJoinWorld(EntityJoinWorldEvent event)
                                  ^
  symbol:   class EntityJoinWorldEvent
  location: class EventHandlerServer
/app/src/main/java/me/ichun/mods/morph/common/core/EventHandlerServer.java:129: error: package WorldEvent does not exist
    public void onWorldLoad(WorldEvent.Load event)
                                      ^
/app/src/main/java/me/ichun/mods/morph/common/core/EventHandlerServer.java:144: error: cannot find symbol
    public void onServerAboutToStart(FMLServerAboutToStartEvent event) //do this early so we do it before the server loads our world save.
                                     ^
  symbol:   class FMLServerAboutToStartEvent
  location: class EventHandlerServer
/app/src/main/java/me/ichun/mods/morph/common/core/EventHandlerServer.java:150: error: cannot find symbol
    public void onServerStopped(FMLServerStoppedEvent event)
                                ^
  symbol:   class FMLServerStoppedEvent
  location: class EventHandlerServer
/app/src/main/java/me/ichun/mods/morph/common/command/CommandMorph.java:11: error: package me.ichun.mods.ichunutil.common.entity.util does not exist
import me.ichun.mods.ichunutil.common.entity.util.EntityHelper;
                                                 ^
/app/src/main/java/me/ichun/mods/morph/common/command/CommandMorph.java:12: error: package me.ichun.mods.morph.api.morph does not exist
import me.ichun.mods.morph.api.morph.MorphVariant;
                                    ^
/app/src/main/java/me/ichun/mods/morph/common/command/CommandMorph.java:19: error: package net.minecraft.command does not exist
import net.minecraft.command.CommandSource;
                            ^
/app/src/main/java/me/ichun/mods/morph/common/command/CommandMorph.java:20: error: package net.minecraft.command does not exist
import net.minecraft.command.Commands;
                            ^
/app/src/main/java/me/ichun/mods/morph/common/command/CommandMorph.java:21: error: package net.minecraft.command does not exist
import net.minecraft.command.ISuggestionProvider;
                            ^
/app/src/main/java/me/ichun/mods/morph/common/command/CommandMorph.java:23: error: package net.minecraft.entity does not exist
import net.minecraft.entity.Entity;
                           ^
/app/src/main/java/me/ichun/mods/morph/common/command/CommandMorph.java:24: error: package net.minecraft.entity does not exist
import net.minecraft.entity.EntityType;
                           ^
/app/src/main/java/me/ichun/mods/morph/common/command/CommandMorph.java:25: error: package net.minecraft.entity does not exist
import net.minecraft.entity.LivingEntity;
                           ^
/app/src/main/java/me/ichun/mods/morph/common/command/CommandMorph.java:26: error: package net.minecraft.entity.player does not exist
import net.minecraft.entity.player.PlayerEntity;
                                  ^
/app/src/main/java/me/ichun/mods/morph/common/command/CommandMorph.java:27: error: package net.minecraft.entity.player does not exist
import net.minecraft.entity.player.ServerPlayerEntity;
                                  ^
/app/src/main/java/me/ichun/mods/morph/common/command/CommandMorph.java:28: error: cannot find symbol
import net.minecraft.nbt.CompoundNBT;
                        ^
  symbol:   class CompoundNBT
  location: package net.minecraft.nbt
/app/src/main/java/me/ichun/mods/morph/common/command/CommandMorph.java:29: error: cannot find symbol
import net.minecraft.util.ResourceLocation;
                         ^
  symbol:   class ResourceLocation
  location: package net.minecraft.util
/app/src/main/java/me/ichun/mods/morph/common/command/CommandMorph.java:30: error: package net.minecraft.util.math does not exist
import net.minecraft.util.math.EntityRayTraceResult;
                              ^
/app/src/main/java/me/ichun/mods/morph/common/command/CommandMorph.java:31: error: package net.minecraft.util.math does not exist
import net.minecraft.util.math.RayTraceResult;
                              ^
/app/src/main/java/me/ichun/mods/morph/common/command/CommandMorph.java:32: error: package net.minecraft.util.text does not exist
import net.minecraft.util.text.TranslationTextComponent;
                              ^
/app/src/main/java/me/ichun/mods/morph/common/command/CommandMorph.java:33: error: package net.minecraft.world.server does not exist
import net.minecraft.world.server.ServerWorld;
                                 ^
/app/src/main/java/me/ichun/mods/morph/common/command/CommandMorph.java:54: error: cannot find symbol
    private static final SuggestionProvider<CommandSource> MORPH_VARIANT_IDS = (context, builder) -> {
                                            ^
  symbol:   class CommandSource
  location: class CommandMorph
/app/src/main/java/me/ichun/mods/morph/common/command/CommandMorph.java:70: error: cannot find symbol
    public static void register(CommandDispatcher<CommandSource> dispatcher)
                                                  ^
  symbol:   class CommandSource
  location: class CommandMorph
/app/src/main/java/me/ichun/mods/morph/common/command/CommandMorph.java:197: error: cannot find symbol
    private static int unacquire(CommandSource source, ServerPlayerEntity player, ResourceLocation variant_id, int i) throws CommandSyntaxException
                                 ^
  symbol:   class CommandSource
  location: class CommandMorph
/app/src/main/java/me/ichun/mods/morph/common/command/CommandMorph.java:197: error: cannot find symbol
    private static int unacquire(CommandSource source, ServerPlayerEntity player, ResourceLocation variant_id, int i) throws CommandSyntaxException
                                                       ^
  symbol:   class ServerPlayerEntity
  location: class CommandMorph
/app/src/main/java/me/ichun/mods/morph/common/command/CommandMorph.java:197: error: cannot find symbol
    private static int unacquire(CommandSource source, ServerPlayerEntity player, ResourceLocation variant_id, int i) throws CommandSyntaxException
                                                                                  ^
  symbol:   class ResourceLocation
  location: class CommandMorph
/app/src/main/java/me/ichun/mods/morph/common/command/CommandMorph.java:258: error: cannot find symbol
    private static int openMobDataGerator(CommandSource source) throws CommandSyntaxException
                                          ^
  symbol:   class CommandSource
  location: class CommandMorph
/app/src/main/java/me/ichun/mods/morph/common/command/CommandMorph.java:267: error: cannot find symbol
    private static int openNBTGenerator(CommandSource source, Entity target) throws CommandSyntaxException
                                        ^
  symbol:   class CommandSource
  location: class CommandMorph
/app/src/main/java/me/ichun/mods/morph/common/command/CommandMorph.java:267: error: cannot find symbol
    private static int openNBTGenerator(CommandSource source, Entity target) throws CommandSyntaxException
                                                              ^
  symbol:   class Entity
  location: class CommandMorph
/app/src/main/java/me/ichun/mods/morph/common/command/CommandMorph.java:286: error: cannot find symbol
    private static int setBiomass(CommandSource source, ServerPlayerEntity player, double value)
                                  ^
  symbol:   class CommandSource
  location: class CommandMorph
/app/src/main/java/me/ichun/mods/morph/common/command/CommandMorph.java:286: error: cannot find symbol
    private static int setBiomass(CommandSource source, ServerPlayerEntity player, double value)
                                                        ^
  symbol:   class ServerPlayerEntity
  location: class CommandMorph
/app/src/main/java/me/ichun/mods/morph/common/command/CommandMorph.java:292: error: cannot find symbol
    private static int createMorph(CommandSource source, ServerPlayerEntity player, Entity entity, boolean isAcquire) throws CommandSyntaxException
                                   ^
  symbol:   class CommandSource
  location: class CommandMorph
/app/src/main/java/me/ichun/mods/morph/common/command/CommandMorph.java:292: error: cannot find symbol
    private static int createMorph(CommandSource source, ServerPlayerEntity player, Entity entity, boolean isAcquire) throws CommandSyntaxException
                                                         ^
  symbol:   class ServerPlayerEntity
  location: class CommandMorph
/app/src/main/java/me/ichun/mods/morph/common/command/CommandMorph.java:292: error: cannot find symbol
    private static int createMorph(CommandSource source, ServerPlayerEntity player, Entity entity, boolean isAcquire) throws CommandSyntaxException
                                                                                    ^
  symbol:   class Entity
  location: class CommandMorph
/app/src/main/java/me/ichun/mods/morph/common/command/CommandMorph.java:307: error: cannot find symbol
    private static int createMorph(CommandSource source, ServerPlayerEntity player, ResourceLocation type, CompoundNBT nbt, boolean isAcquire) throws CommandSyntaxException
                                   ^
  symbol:   class CommandSource
  location: class CommandMorph
/app/src/main/java/me/ichun/mods/morph/common/command/CommandMorph.java:307: error: cannot find symbol
    private static int createMorph(CommandSource source, ServerPlayerEntity player, ResourceLocation type, CompoundNBT nbt, boolean isAcquire) throws CommandSyntaxException
                                                         ^
  symbol:   class ServerPlayerEntity
  location: class CommandMorph
/app/src/main/java/me/ichun/mods/morph/common/command/CommandMorph.java:307: error: cannot find symbol
    private static int createMorph(CommandSource source, ServerPlayerEntity player, ResourceLocation type, CompoundNBT nbt, boolean isAcquire) throws CommandSyntaxException
                                                                                    ^
  symbol:   class ResourceLocation
  location: class CommandMorph
/app/src/main/java/me/ichun/mods/morph/common/command/CommandMorph.java:307: error: cannot find symbol
    private static int createMorph(CommandSource source, ServerPlayerEntity player, ResourceLocation type, CompoundNBT nbt, boolean isAcquire) throws CommandSyntaxException
                                                                                                           ^
  symbol:   class CompoundNBT
  location: class CommandMorph
/app/src/main/java/me/ichun/mods/morph/common/command/CommandMorph.java:325: error: cannot find symbol
    private static int createPlayerMorph(CommandSource source, ServerPlayerEntity player, String name, boolean isAcquire) throws CommandSyntaxException
                                         ^
  symbol:   class CommandSource
  location: class CommandMorph
/app/src/main/java/me/ichun/mods/morph/common/command/CommandMorph.java:325: error: cannot find symbol
    private static int createPlayerMorph(CommandSource source, ServerPlayerEntity player, String name, boolean isAcquire) throws CommandSyntaxException
                                                               ^
  symbol:   class ServerPlayerEntity
  location: class CommandMorph
/app/src/main/java/me/ichun/mods/morph/common/command/CommandMorph.java:341: error: cannot find symbol
    private static int createPlayerMorph(CommandSource source, ServerPlayerEntity player, UUID uuid, boolean isAcquire) throws CommandSyntaxException
                                         ^
  symbol:   class CommandSource
  location: class CommandMorph
/app/src/main/java/me/ichun/mods/morph/common/command/CommandMorph.java:341: error: cannot find symbol
    private static int createPlayerMorph(CommandSource source, ServerPlayerEntity player, UUID uuid, boolean isAcquire) throws CommandSyntaxException
                                                               ^
  symbol:   class ServerPlayerEntity
  location: class CommandMorph
/app/src/main/java/me/ichun/mods/morph/common/command/CommandMorph.java:352: error: cannot find symbol
    private static boolean createMorph(CommandSource source, ServerPlayerEntity player, MorphVariant variant, boolean isAcquire)
                                       ^
  symbol:   class CommandSource
  location: class CommandMorph
/app/src/main/java/me/ichun/mods/morph/common/command/CommandMorph.java:352: error: cannot find symbol
    private static boolean createMorph(CommandSource source, ServerPlayerEntity player, MorphVariant variant, boolean isAcquire)
                                                             ^
  symbol:   class ServerPlayerEntity
  location: class CommandMorph
/app/src/main/java/me/ichun/mods/morph/common/command/CommandMorph.java:352: error: cannot find symbol
    private static boolean createMorph(CommandSource source, ServerPlayerEntity player, MorphVariant variant, boolean isAcquire)
                                                                                        ^
  symbol:   class MorphVariant
  location: class CommandMorph
/app/src/main/java/me/ichun/mods/morph/common/command/CommandMorph.java:364: error: cannot find symbol
    private static int demorphPlayer(CommandSource source, ServerPlayerEntity player) throws CommandSyntaxException
                                     ^
  symbol:   class CommandSource
  location: class CommandMorph
/app/src/main/java/me/ichun/mods/morph/common/command/CommandMorph.java:364: error: cannot find symbol
    private static int demorphPlayer(CommandSource source, ServerPlayerEntity player) throws CommandSyntaxException
                                                           ^
  symbol:   class ServerPlayerEntity
  location: class CommandMorph
/app/src/main/java/me/ichun/mods/morph/common/command/CommandMorph.java:22: error: package net.minecraft.command.arguments does not exist
import net.minecraft.command.arguments.*;
^
/app/src/main/java/me/ichun/mods/morph/common/Morph.java:3: error: package me.ichun.mods.ichunutil.common.data does not exist
import me.ichun.mods.ichunutil.common.data.AdvancementGen;
                                          ^
/app/src/main/java/me/ichun/mods/morph/common/Morph.java:5: error: package me.ichun.mods.morph.api does not exist
import me.ichun.mods.morph.api.MorphApi;
                              ^
/app/src/main/java/me/ichun/mods/morph/common/Morph.java:6: error: package me.ichun.mods.morph.api.mob does not exist
import me.ichun.mods.morph.api.mob.MobData;
                                  ^
/app/src/main/java/me/ichun/mods/morph/common/Morph.java:7: error: package me.ichun.mods.morph.api.mob.trait does not exist
import me.ichun.mods.morph.api.mob.trait.Trait;
                                        ^
/app/src/main/java/me/ichun/mods/morph/common/Morph.java:8: error: package me.ichun.mods.morph.api.morph does not exist
import me.ichun.mods.morph.api.morph.MorphInfo;
                                    ^
/app/src/main/java/me/ichun/mods/morph/common/Morph.java:26: error: package net.minecraft.block does not exist
import net.minecraft.block.Blocks;
                          ^
/app/src/main/java/me/ichun/mods/morph/common/Morph.java:28: error: package net.minecraft.entity does not exist
import net.minecraft.entity.EntityClassification;
                           ^
/app/src/main/java/me/ichun/mods/morph/common/Morph.java:29: error: package net.minecraft.entity does not exist
import net.minecraft.entity.EntityType;
                           ^
/app/src/main/java/me/ichun/mods/morph/common/Morph.java:30: error: package net.minecraft.item does not exist
import net.minecraft.item.Items;
                         ^
/app/src/main/java/me/ichun/mods/morph/common/Morph.java:31: error: cannot find symbol
import net.minecraft.nbt.INBT;
                        ^
  symbol:   class INBT
  location: package net.minecraft.nbt
/app/src/main/java/me/ichun/mods/morph/common/Morph.java:32: error: package net.minecraft.potion does not exist
import net.minecraft.potion.Effects;
                           ^
/app/src/main/java/me/ichun/mods/morph/common/Morph.java:33: error: cannot find symbol
import net.minecraft.util.Direction;
                         ^
  symbol:   class Direction
  location: package net.minecraft.util
/app/src/main/java/me/ichun/mods/morph/common/Morph.java:34: error: cannot find symbol
import net.minecraft.util.ResourceLocation;
                         ^
  symbol:   class ResourceLocation
  location: package net.minecraft.util
/app/src/main/java/me/ichun/mods/morph/common/Morph.java:35: error: cannot find symbol
import net.minecraft.util.SoundEvent;
                         ^
  symbol:   class SoundEvent
  location: package net.minecraft.util
/app/src/main/java/me/ichun/mods/morph/common/Morph.java:36: error: package net.minecraft.util.text does not exist
import net.minecraft.util.text.TranslationTextComponent;
                              ^
/app/src/main/java/me/ichun/mods/morph/common/Morph.java:37: error: cannot find symbol
import net.minecraft.world.World;
                          ^
  symbol:   class World
  location: package net.minecraft.world
/app/src/main/java/me/ichun/mods/morph/common/Morph.java:38: error: package net.minecraft.world.gen.feature.structure does not exist
import net.minecraft.world.gen.feature.structure.Structure;
                                                ^
/app/src/main/java/me/ichun/mods/morph/common/Morph.java:44: error: cannot find symbol
import net.minecraftforge.event.RegistryEvent;
                               ^
  symbol:   class RegistryEvent
  location: package net.minecraftforge.event
/app/src/main/java/me/ichun/mods/morph/common/Morph.java:48: error: cannot find symbol
import net.minecraftforge.fml.ExtensionPoint;
                             ^
  symbol:   class ExtensionPoint
  location: package net.minecraftforge.fml
/app/src/main/java/me/ichun/mods/morph/common/Morph.java:50: error: cannot find symbol
import net.minecraftforge.fml.RegistryObject;
                             ^
  symbol:   class RegistryObject
  location: package net.minecraftforge.fml
/app/src/main/java/me/ichun/mods/morph/common/Morph.java:51: error: package net.minecraftforge.fml.client.registry does not exist
import net.minecraftforge.fml.client.registry.RenderingRegistry;
                                             ^
/app/src/main/java/me/ichun/mods/morph/client/config/ConfigClient.java:3: error: cannot find symbol
import me.ichun.mods.ichunutil.client.gui.bns.window.WindowPopup;
                                                    ^
  symbol:   class WindowPopup
  location: package me.ichun.mods.ichunutil.client.gui.bns.window
/app/src/main/java/me/ichun/mods/morph/client/config/ConfigClient.java:4: error: package me.ichun.mods.ichunutil.client.gui.bns.window.constraint does not exist
import me.ichun.mods.ichunutil.client.gui.bns.window.constraint.Constraint;
                                                               ^
/app/src/main/java/me/ichun/mods/morph/client/config/ConfigClient.java:12: error: cannot find symbol
import net.minecraft.client.resources.I18n;
                                     ^
  symbol:   class I18n
  location: package net.minecraft.client.resources
/app/src/main/java/me/ichun/mods/morph/client/core/EventHandlerClient.java:4: error: package me.ichun.mods.morph.api.morph does not exist
import me.ichun.mods.morph.api.morph.MorphInfo;
                                    ^
/app/src/main/java/me/ichun/mods/morph/client/core/EventHandlerClient.java:5: error: package me.ichun.mods.morph.api.morph does not exist
import me.ichun.mods.morph.api.morph.MorphVariant;
                                    ^
/app/src/main/java/me/ichun/mods/morph/client/core/EventHandlerClient.java:13: error: package net.minecraft.client.settings does not exist
import net.minecraft.client.settings.PointOfView;
                                    ^
/app/src/main/java/me/ichun/mods/morph/client/core/EventHandlerClient.java:14: error: package net.minecraft.entity.player does not exist
import net.minecraft.entity.player.PlayerEntity;
                                  ^
/app/src/main/java/me/ichun/mods/morph/client/core/EventHandlerClient.java:16: error: cannot find symbol
import net.minecraftforge.client.event.RenderNameplateEvent;
                                      ^
  symbol:   class RenderNameplateEvent
  location: package net.minecraftforge.client.event
/app/src/main/java/me/ichun/mods/morph/client/core/HudHandler.java:3: error: package com.mojang.blaze3d.matrix does not exist
import com.mojang.blaze3d.matrix.MatrixStack;
                                ^
/app/src/main/java/me/ichun/mods/morph/client/core/HudHandler.java:9: error: package me.ichun.mods.ichunutil.common.entity.util does not exist
import me.ichun.mods.ichunutil.common.entity.util.EntityHelper;
                                                 ^
/app/src/main/java/me/ichun/mods/morph/client/core/HudHandler.java:11: error: package me.ichun.mods.morph.api.morph does not exist
import me.ichun.mods.morph.api.morph.MorphInfo;
                                    ^
/app/src/main/java/me/ichun/mods/morph/client/core/HudHandler.java:12: error: package me.ichun.mods.morph.api.morph does not exist
import me.ichun.mods.morph.api.morph.MorphState;
                                    ^
/app/src/main/java/me/ichun/mods/morph/client/core/HudHandler.java:13: error: package me.ichun.mods.morph.api.morph does not exist
import me.ichun.mods.morph.api.morph.MorphVariant;
                                    ^
/app/src/main/java/me/ichun/mods/morph/client/core/HudHandler.java:20: error: cannot find symbol
import net.minecraft.client.MainWindow;
                           ^
  symbol:   class MainWindow
  location: package net.minecraft.client
/app/src/main/java/me/ichun/mods/morph/client/core/HudHandler.java:22: error: cannot find symbol
import net.minecraft.client.gui.AbstractGui;
                               ^
  symbol:   class AbstractGui
  location: package net.minecraft.client.gui
/app/src/main/java/me/ichun/mods/morph/client/core/HudHandler.java:23: error: package net.minecraft.client.gui.screen does not exist
import net.minecraft.client.gui.screen.IngameMenuScreen;
                                      ^
/app/src/main/java/me/ichun/mods/morph/client/core/HudHandler.java:24: error: package net.minecraft.client.gui.screen does not exist
import net.minecraft.client.gui.screen.Screen;
                                      ^
/app/src/main/java/me/ichun/mods/morph/client/core/HudHandler.java:25: error: package net.minecraft.client.gui.screen.inventory does not exist
import net.minecraft.client.gui.screen.inventory.InventoryScreen;
                                                ^
/app/src/main/java/me/ichun/mods/morph/client/core/HudHandler.java:26: error: cannot find symbol
import net.minecraft.client.renderer.BufferBuilder;
                                    ^
  symbol:   class BufferBuilder
  location: package net.minecraft.client.renderer
/app/src/main/java/me/ichun/mods/morph/client/core/HudHandler.java:27: error: cannot find symbol
import net.minecraft.client.renderer.Tessellator;
                                    ^
  symbol:   class Tessellator
  location: package net.minecraft.client.renderer
/app/src/main/java/me/ichun/mods/morph/client/core/HudHandler.java:28: error: cannot find symbol
import net.minecraft.client.renderer.texture.NativeImage;
                                            ^
  symbol:   class NativeImage
  location: package net.minecraft.client.renderer.texture
/app/src/main/java/me/ichun/mods/morph/client/core/HudHandler.java:30: error: package net.minecraft.client.renderer.vertex does not exist
import net.minecraft.client.renderer.vertex.DefaultVertexFormats;
                                           ^
/app/src/main/java/me/ichun/mods/morph/client/core/HudHandler.java:31: error: package net.minecraft.client.settings does not exist
import net.minecraft.client.settings.GraphicsFanciness;
                                    ^
/app/src/main/java/me/ichun/mods/morph/client/core/HudHandler.java:32: error: package net.minecraft.client.util does not exist
import net.minecraft.client.util.InputMappings;
                                ^
/app/src/main/java/me/ichun/mods/morph/client/core/HudHandler.java:33: error: package net.minecraft.entity does not exist
import net.minecraft.entity.EntitySize;
                           ^
/app/src/main/java/me/ichun/mods/morph/client/core/HudHandler.java:34: error: package net.minecraft.entity does not exist
import net.minecraft.entity.EntityType;
                           ^
/app/src/main/java/me/ichun/mods/morph/client/core/HudHandler.java:35: error: package net.minecraft.entity does not exist
import net.minecraft.entity.LivingEntity;
                           ^
/app/src/main/java/me/ichun/mods/morph/client/core/HudHandler.java:36: error: package net.minecraft.entity does not exist
import net.minecraft.entity.Pose;
                           ^
/app/src/main/java/me/ichun/mods/morph/client/core/HudHandler.java:37: error: package net.minecraft.entity.player does not exist
import net.minecraft.entity.player.PlayerEntity;
                                  ^
/app/src/main/java/me/ichun/mods/morph/client/core/HudHandler.java:38: error: cannot find symbol
import net.minecraft.util.ResourceLocation;
                         ^
  symbol:   class ResourceLocation
  location: package net.minecraft.util
/app/src/main/java/me/ichun/mods/morph/client/core/HudHandler.java:39: error: cannot find symbol
import net.minecraft.util.Util;
                         ^
  symbol:   class Util
  location: package net.minecraft.util
/app/src/main/java/me/ichun/mods/morph/client/core/HudHandler.java:40: error: package net.minecraft.util.math does not exist
import net.minecraft.util.math.MathHelper;
                              ^
/app/src/main/java/me/ichun/mods/morph/client/core/HudHandler.java:41: error: package net.minecraft.util.math.vector does not exist
import net.minecraft.util.math.vector.Matrix4f;
                                     ^
/app/src/main/java/me/ichun/mods/morph/client/core/HudHandler.java:42: error: package net.minecraft.util.text does not exist
import net.minecraft.util.text.IFormattableTextComponent;
                              ^
/app/src/main/java/me/ichun/mods/morph/client/core/HudHandler.java:43: error: package net.minecraft.util.text does not exist
import net.minecraft.util.text.TextFormatting;
                              ^
/app/src/main/java/me/ichun/mods/morph/client/core/HudHandler.java:44: error: package net.minecraft.util.text does not exist
import net.minecraft.util.text.TranslationTextComponent;
                              ^
/app/src/main/java/me/ichun/mods/morph/client/core/HudHandler.java:48: error: cannot find symbol
import net.minecraftforge.client.event.RenderGameOverlayEvent;
                                      ^
  symbol:   class RenderGameOverlayEvent
  location: package net.minecraftforge.client.event
/app/src/main/java/me/ichun/mods/morph/client/core/HudHandler.java:50: error: package net.minecraftforge.event.world does not exist
import net.minecraftforge.event.world.WorldEvent;
                                     ^
/app/src/main/java/me/ichun/mods/morph/client/core/EventHandlerClient.java:70: error: cannot find symbol
    public void onRenderNameplate(RenderNameplateEvent event)
                                  ^
  symbol:   class RenderNameplateEvent
  location: class EventHandlerClient
/app/src/main/java/me/ichun/mods/morph/client/core/EventHandlerClient.java:106: error: cannot find symbol
    public void onClientDisconnect(ClientPlayerNetworkEvent.LoggedOutEvent event)
                                                           ^
  symbol:   class LoggedOutEvent
  location: class ClientPlayerNetworkEvent
/app/src/main/java/me/ichun/mods/morph/client/core/EventHandlerClient.java:116: error: cannot find symbol
    public void updateMorph(MorphVariant variant)
                            ^
  symbol:   class MorphVariant
  location: class EventHandlerClient
/app/src/main/java/me/ichun/mods/morph/client/core/HudHandler.java:64: error: cannot find symbol
    public static final ResourceLocation TEX_QS_FAVOURITE = new ResourceLocation("morph", "textures/gui/fav.png");
                        ^
  symbol:   class ResourceLocation
  location: class HudHandler
/app/src/main/java/me/ichun/mods/morph/client/core/HudHandler.java:65: error: cannot find symbol
    public static final ResourceLocation TEX_QS_SELECTED = new ResourceLocation("morph", "textures/gui/gui_selected.png");
                        ^
  symbol:   class ResourceLocation
  location: class HudHandler
/app/src/main/java/me/ichun/mods/morph/client/core/HudHandler.java:66: error: cannot find symbol
    public static final ResourceLocation TEX_QS_UNSELECTED = new ResourceLocation("morph", "textures/gui/gui_unselected.png");
                        ^
  symbol:   class ResourceLocation
  location: class HudHandler
/app/src/main/java/me/ichun/mods/morph/client/core/HudHandler.java:67: error: cannot find symbol
    public static final ResourceLocation TEX_QS_UNSELECTED_SIDE = new ResourceLocation("morph", "textures/gui/gui_unselected_side.png");
                        ^
  symbol:   class ResourceLocation
  location: class HudHandler
/app/src/main/java/me/ichun/mods/morph/client/core/HudHandler.java:69: error: cannot find symbol
    private static final MatrixStack LIGHT_STACK = Util.make(new MatrixStack(), stack -> stack.translate(1D, -1D, 0D));
                         ^
  symbol:   class MatrixStack
  location: class HudHandler
/app/src/main/java/me/ichun/mods/morph/client/core/HudHandler.java:95: error: cannot find symbol
    public ArrayList<MorphVariant> radialFavourites = null;
                     ^
  symbol:   class MorphVariant
  location: class HudHandler
/app/src/main/java/me/ichun/mods/morph/client/core/HudHandler.java:123: error: cannot find symbol
    public HashMap<MorphVariant, MorphState> morphStates = new HashMap<>();
                   ^
  symbol:   class MorphVariant
  location: class HudHandler
/app/src/main/java/me/ichun/mods/morph/client/core/HudHandler.java:123: error: cannot find symbol
    public HashMap<MorphVariant, MorphState> morphStates = new HashMap<>();
                                 ^
  symbol:   class MorphState
  location: class HudHandler
/app/src/main/java/me/ichun/mods/morph/client/core/HudHandler.java:616: error: cannot find symbol
    private void drawSelector(MatrixStack stack, float partialTick, MainWindow window)
                              ^
  symbol:   class MatrixStack
  location: class HudHandler
/app/src/main/java/me/ichun/mods/morph/client/core/HudHandler.java:616: error: cannot find symbol
    private void drawSelector(MatrixStack stack, float partialTick, MainWindow window)
                                                                    ^
  symbol:   class MainWindow
  location: class HudHandler
/app/src/main/java/me/ichun/mods/morph/client/core/HudHandler.java:865: error: cannot find symbol
    private void drawRadial(MatrixStack stack, float partialTick, MainWindow window)
                            ^
  symbol:   class MatrixStack
  location: class HudHandler
/app/src/main/java/me/ichun/mods/morph/client/core/HudHandler.java:865: error: cannot find symbol
    private void drawRadial(MatrixStack stack, float partialTick, MainWindow window)
                                                                  ^
  symbol:   class MainWindow
  location: class HudHandler
/app/src/main/java/me/ichun/mods/morph/client/core/HudHandler.java:1022: error: cannot find symbol
    private void renderMorphEntity(LivingEntity livingEntity, double x, double y, double z, float scale)
                                   ^
  symbol:   class LivingEntity
  location: class HudHandler
/app/src/main/java/me/ichun/mods/morph/client/core/HudHandler.java:1051: error: cannot find symbol
    public void preDrawBiomassBar(MatrixStack stack, float partialTick)
                                  ^
  symbol:   class MatrixStack
  location: class HudHandler
/app/src/main/java/me/ichun/mods/morph/client/core/HudHandler.java:1065: error: cannot find symbol
    public void postDrawBiomassBar(MatrixStack stack, float partialTick)
                                   ^
  symbol:   class MatrixStack
  location: class HudHandler
/app/src/main/java/me/ichun/mods/morph/client/core/HudHandler.java:1074: error: cannot find symbol
    public void drawBiomassBar(MatrixStack stack, int x, int y, float partialTick, float prog)
                               ^
  symbol:   class MatrixStack
  location: class HudHandler
/app/src/main/java/me/ichun/mods/morph/client/core/HudHandler.java:1168: error: cannot find symbol
    private void addBiomassBarVertex(BufferBuilder bufferbuilder, Matrix4f matrix, int x, int y, int heightOffset, float start, float end, float r, float g, float b, float a)
                                     ^
  symbol:   class BufferBuilder
  location: class HudHandler
/app/src/main/java/me/ichun/mods/morph/client/core/HudHandler.java:1168: error: cannot find symbol
    private void addBiomassBarVertex(BufferBuilder bufferbuilder, Matrix4f matrix, int x, int y, int heightOffset, float start, float end, float r, float g, float b, float a)
                                                                  ^
  symbol:   class Matrix4f
  location: class HudHandler
/app/src/main/java/me/ichun/mods/morph/client/core/HudHandler.java:1242: error: cannot find symbol
    private boolean isMouseOutsideRadialDeadZone(MainWindow window)
                                                 ^
  symbol:   class MainWindow
  location: class HudHandler
/app/src/main/java/me/ichun/mods/morph/client/core/HudHandler.java:1319: error: package RenderGameOverlayEvent does not exist
    public void onIngameGuiPre(RenderGameOverlayEvent.Pre event)
                                                     ^
/app/src/main/java/me/ichun/mods/morph/client/core/HudHandler.java:1328: error: package RenderGameOverlayEvent does not exist
    public void onIngameGuiPost(RenderGameOverlayEvent.Post event)
                                                      ^
/app/src/main/java/me/ichun/mods/morph/client/core/HudHandler.java:1344: error: package WorldEvent does not exist
    public void onWorldUnload(WorldEvent.Unload event)
                                        ^
/app/src/main/java/me/ichun/mods/morph/client/core/HudHandler.java:1353: error: cannot find symbol
    public void onRawMouseInput(InputEvent.RawMouseEvent event)
                                          ^
  symbol:   class RawMouseEvent
  location: class InputEvent
/app/src/main/java/me/ichun/mods/morph/client/core/HudHandler.java:1391: error: cannot find symbol
    public void onMouseScroll(InputEvent.MouseScrollEvent event)
                                        ^
  symbol:   class MouseScrollEvent
  location: class InputEvent
/app/src/main/java/me/ichun/mods/morph/common/Morph.java:25: error: package net.minecraft.advancements.criterion does not exist
import net.minecraft.advancements.criterion.*;
^
/app/src/main/java/me/ichun/mods/morph/common/Morph.java:284: error: cannot find symbol
        public static void onGatherData(GatherDataEvent event)
                                        ^
  symbol:   class GatherDataEvent
  location: class Advancements
/app/src/main/java/me/ichun/mods/morph/common/Morph.java:304: error: cannot find symbol
        public static final ResourceLocation UNLOCK_BIOMASS = new ResourceLocation("morph", "morph/unlock_biomass");
                            ^
  symbol:   class ResourceLocation
  location: class Advancements
/app/src/main/java/me/ichun/mods/morph/common/Morph.java:309: error: cannot find symbol
        private static final DeferredRegister<SoundEvent> REGISTRY = DeferredRegister.create(ForgeRegistries.SOUND_EVENTS, MOD_ID); //.setRegistryName(new ResourceLocation("torched", "rpt") ??
                                              ^
  symbol:   class SoundEvent
  location: class Sounds
/app/src/main/java/me/ichun/mods/morph/common/Morph.java:311: error: cannot find symbol
        public static final RegistryObject<SoundEvent> MORPH = REGISTRY.register("morph", () -> new SoundEvent(new ResourceLocation("morph", "morph")));
                            ^
  symbol:   class RegistryObject
  location: class Sounds
/app/src/main/java/me/ichun/mods/morph/common/Morph.java:311: error: cannot find symbol
        public static final RegistryObject<SoundEvent> MORPH = REGISTRY.register("morph", () -> new SoundEvent(new ResourceLocation("morph", "morph")));
                                           ^
  symbol:   class SoundEvent
  location: class Sounds
/app/src/main/java/me/ichun/mods/morph/common/Morph.java:316: error: cannot find symbol
        public static EntityType<EntityAcquisition> ACQUISITION;
                      ^
  symbol:   class EntityType
  location: class EntityTypes
/app/src/main/java/me/ichun/mods/morph/client/entity/EntityAcquisition.java:3: error: package com.mojang.blaze3d.matrix does not exist
import com.mojang.blaze3d.matrix.MatrixStack;
                                ^
/app/src/main/java/me/ichun/mods/morph/client/entity/EntityAcquisition.java:4: error: cannot find symbol
import com.mojang.blaze3d.vertex.IVertexBuilder;
                                ^
  symbol:   class IVertexBuilder
  location: package com.mojang.blaze3d.vertex
/app/src/main/java/me/ichun/mods/morph/client/entity/EntityAcquisition.java:6: error: package me.ichun.mods.ichunutil.client.tracker does not exist
import me.ichun.mods.ichunutil.client.tracker.ClientEntityTracker;
                                             ^
/app/src/main/java/me/ichun/mods/morph/client/entity/EntityAcquisition.java:7: error: package me.ichun.mods.ichunutil.common.entity.util does not exist
import me.ichun.mods.ichunutil.common.entity.util.EntityHelper;
                                                 ^
/app/src/main/java/me/ichun/mods/morph/client/entity/EntityAcquisition.java:11: error: package net.minecraft.client.renderer.model does not exist
import net.minecraft.client.renderer.model.ModelRenderer;
                                          ^
/app/src/main/java/me/ichun/mods/morph/client/entity/EntityAcquisition.java:12: error: package net.minecraft.client.settings does not exist
import net.minecraft.client.settings.PointOfView;
                                    ^
/app/src/main/java/me/ichun/mods/morph/client/entity/EntityAcquisition.java:13: error: package net.minecraft.client.world does not exist
import net.minecraft.client.world.ClientWorld;
                                 ^
/app/src/main/java/me/ichun/mods/morph/client/entity/EntityAcquisition.java:14: error: package net.minecraft.entity does not exist
import net.minecraft.entity.Entity;
                           ^
/app/src/main/java/me/ichun/mods/morph/client/entity/EntityAcquisition.java:15: error: package net.minecraft.entity does not exist
import net.minecraft.entity.EntityType;
                           ^
/app/src/main/java/me/ichun/mods/morph/client/entity/EntityAcquisition.java:16: error: package net.minecraft.entity does not exist
import net.minecraft.entity.LivingEntity;
                           ^
/app/src/main/java/me/ichun/mods/morph/client/entity/EntityAcquisition.java:17: error: package net.minecraft.entity.player does not exist
import net.minecraft.entity.player.PlayerEntity;
                                  ^
/app/src/main/java/me/ichun/mods/morph/client/entity/EntityAcquisition.java:18: error: cannot find symbol
import net.minecraft.nbt.CompoundNBT;
                        ^
  symbol:   class CompoundNBT
  location: package net.minecraft.nbt
/app/src/main/java/me/ichun/mods/morph/client/entity/EntityAcquisition.java:19: error: cannot find symbol
import net.minecraft.network.IPacket;
                            ^
  symbol:   class IPacket
  location: package net.minecraft.network
/app/src/main/java/me/ichun/mods/morph/client/entity/EntityAcquisition.java:20: error: package net.minecraft.util.math does not exist
import net.minecraft.util.math.AxisAlignedBB;
                              ^
/app/src/main/java/me/ichun/mods/morph/client/entity/EntityAcquisition.java:21: error: package net.minecraft.util.math does not exist
import net.minecraft.util.math.MathHelper;
                              ^
/app/src/main/java/me/ichun/mods/morph/client/entity/EntityAcquisition.java:22: error: package net.minecraft.util.math.vector does not exist
import net.minecraft.util.math.vector.Vector3d;
                                     ^
/app/src/main/java/me/ichun/mods/morph/client/entity/EntityAcquisition.java:23: error: package net.minecraft.util.math.vector does not exist
import net.minecraft.util.math.vector.Vector3f;
                                     ^
/app/src/main/java/me/ichun/mods/morph/client/entity/EntityAcquisition.java:24: error: cannot find symbol
import net.minecraft.world.World;
                          ^
  symbol:   class World
  location: package net.minecraft.world
/app/src/main/java/me/ichun/mods/morph/client/entity/EntityAcquisition.java:27: error: package net.minecraftforge.fml.network does not exist
import net.minecraftforge.fml.network.NetworkHooks;
                                     ^
/app/src/main/java/me/ichun/mods/morph/client/entity/EntityAcquisition.java:34: error: cannot find symbol
public class EntityAcquisition extends Entity
                                       ^
  symbol: class Entity
/app/src/main/java/me/ichun/mods/morph/common/Morph.java:317: error: cannot find symbol
        public static EntityType<EntityBiomassAbility> BIOMASS_ABILITY;
                      ^
  symbol:   class EntityType
  location: class EntityTypes
/app/src/main/java/me/ichun/mods/morph/common/Morph.java:318: error: package RegistryEvent does not exist
        private static void onEntityTypeRegistry(final RegistryEvent.Register<EntityType<?>> entityTypeRegistryEvent) //we're doing it this way because it's a client-side entity and we don't want to sync registry values
                                                                    ^
/app/src/main/java/me/ichun/mods/morph/common/Morph.java:318: error: cannot find symbol
        private static void onEntityTypeRegistry(final RegistryEvent.Register<EntityType<?>> entityTypeRegistryEvent) //we're doing it this way because it's a client-side entity and we don't want to sync registry values
                                                                              ^
  symbol:   class EntityType
  location: class EntityTypes
/app/src/main/java/me/ichun/mods/morph/client/entity/EntityAcquisition.java:37: error: cannot find symbol
    public LivingEntity livingOrigin;
           ^
  symbol:   class LivingEntity
  location: class EntityAcquisition
/app/src/main/java/me/ichun/mods/morph/client/entity/EntityAcquisition.java:39: error: cannot find symbol
    public LivingEntity livingAcquired;
           ^
  symbol:   class LivingEntity
  location: class EntityAcquisition
/app/src/main/java/me/ichun/mods/morph/client/entity/EntityAcquisition.java:50: error: cannot find symbol
    public EntityAcquisition(EntityType<?> entityTypeIn, World worldIn)
                             ^
  symbol:   class EntityType
  location: class EntityAcquisition
/app/src/main/java/me/ichun/mods/morph/client/entity/EntityAcquisition.java:50: error: cannot find symbol
    public EntityAcquisition(EntityType<?> entityTypeIn, World worldIn)
                                                         ^
  symbol:   class World
  location: class EntityAcquisition
/app/src/main/java/me/ichun/mods/morph/client/entity/EntityAcquisition.java:58: error: cannot find symbol
    public EntityAcquisition setTargets(@Nonnull LivingEntity origin, @Nonnull LivingEntity acquired, boolean isMorphAcquisition)
                                                 ^
  symbol:   class LivingEntity
  location: class EntityAcquisition
/app/src/main/java/me/ichun/mods/morph/client/entity/EntityAcquisition.java:58: error: cannot find symbol
    public EntityAcquisition setTargets(@Nonnull LivingEntity origin, @Nonnull LivingEntity acquired, boolean isMorphAcquisition)
                                                                               ^
  symbol:   class LivingEntity
  location: class EntityAcquisition
/app/src/main/java/me/ichun/mods/morph/client/entity/EntityAcquisition.java:164: error: cannot find symbol
    public Vector3d getTargetPos()
           ^
  symbol:   class Vector3d
  location: class EntityAcquisition
/app/src/main/java/me/ichun/mods/morph/client/entity/EntityAcquisition.java:170: error: cannot find symbol
    public AxisAlignedBB getRenderBoundingBox()
           ^
  symbol:   class AxisAlignedBB
  location: class EntityAcquisition
/app/src/main/java/me/ichun/mods/morph/client/entity/EntityAcquisition.java:190: error: cannot find symbol
    public boolean writeUnlessRemoved(CompoundNBT compound) { return false; } //disable saving of entity
                                      ^
  symbol:   class CompoundNBT
  location: class EntityAcquisition
/app/src/main/java/me/ichun/mods/morph/client/entity/EntityAcquisition.java:193: error: cannot find symbol
    protected void readAdditional(CompoundNBT compound){}
                                  ^
  symbol:   class CompoundNBT
  location: class EntityAcquisition
/app/src/main/java/me/ichun/mods/morph/client/entity/EntityAcquisition.java:196: error: cannot find symbol
    protected void writeAdditional(CompoundNBT compound){}
                                   ^
  symbol:   class CompoundNBT
  location: class EntityAcquisition
/app/src/main/java/me/ichun/mods/morph/client/entity/EntityAcquisition.java:199: error: cannot find symbol
    public IPacket<?> createSpawnPacket()
           ^
  symbol:   class IPacket
  location: class EntityAcquisition
/app/src/main/java/me/ichun/mods/morph/client/entity/EntityAcquisition.java:223: error: cannot find symbol
        private Vector3d offset;
                ^
  symbol:   class Vector3d
  location: class EntityAcquisition.Tendril
/app/src/main/java/me/ichun/mods/morph/client/entity/EntityAcquisition.java:256: error: cannot find symbol
        public Tendril headTowards(Vector3d pos, boolean rev)
                                   ^
  symbol:   class Vector3d
  location: class EntityAcquisition.Tendril
/app/src/main/java/me/ichun/mods/morph/client/entity/EntityAcquisition.java:447: error: cannot find symbol
        public Vector3d getReachOffset()
               ^
  symbol:   class Vector3d
  location: class EntityAcquisition.Tendril
/app/src/main/java/me/ichun/mods/morph/client/entity/EntityAcquisition.java:453: error: cannot find symbol
        public Vector3d getReachCoord()
               ^
  symbol:   class Vector3d
  location: class EntityAcquisition.Tendril
/app/src/main/java/me/ichun/mods/morph/client/entity/EntityAcquisition.java:485: error: cannot find symbol
        public void createModelRenderer(ArrayList<ModelRenderer> renderers, float partialTick)
                                                  ^
  symbol:   class ModelRenderer
  location: class EntityAcquisition.Tendril
/app/src/main/java/me/ichun/mods/morph/client/entity/EntityAcquisition.java:504: error: cannot find symbol
        public void renderCapture(EntityAcquisition acquisition, MatrixStack stack, IVertexBuilder vertexBuilder, int light, int overlay, float partialTick)
                                                                 ^
  symbol:   class MatrixStack
  location: class EntityAcquisition.Tendril
/app/src/main/java/me/ichun/mods/morph/client/entity/EntityAcquisition.java:504: error: cannot find symbol
        public void renderCapture(EntityAcquisition acquisition, MatrixStack stack, IVertexBuilder vertexBuilder, int light, int overlay, float partialTick)
                                                                                    ^
  symbol:   class IVertexBuilder
  location: class EntityAcquisition.Tendril
/app/src/main/java/me/ichun/mods/morph/common/packet/PacketSessionSync.java:4: error: package me.ichun.mods.morph.api.biomass does not exist
import me.ichun.mods.morph.api.biomass.BiomassUpgradeInfo;
                                      ^
/app/src/main/java/me/ichun/mods/morph/common/packet/PacketSessionSync.java:7: error: cannot find symbol
import net.minecraft.network.PacketBuffer;
                            ^
  symbol:   class PacketBuffer
  location: package net.minecraft.network
/app/src/main/java/me/ichun/mods/morph/common/packet/PacketSessionSync.java:8: error: package net.minecraftforge.fml.network does not exist
import net.minecraftforge.fml.network.NetworkEvent;
                                     ^
/app/src/main/java/me/ichun/mods/morph/common/packet/PacketSessionSync.java:15: error: cannot find symbol
    public ArrayList<BiomassUpgradeInfo> upgrades;
                     ^
  symbol:   class BiomassUpgradeInfo
  location: class PacketSessionSync
/app/src/main/java/me/ichun/mods/morph/common/packet/PacketSessionSync.java:19: error: cannot find symbol
    public PacketSessionSync(Collection<BiomassUpgradeInfo> upgrades)
                                        ^
  symbol:   class BiomassUpgradeInfo
  location: class PacketSessionSync
/app/src/main/java/me/ichun/mods/morph/common/packet/PacketSessionSync.java:25: error: cannot find symbol
    public void writeTo(PacketBuffer buf)
                        ^
  symbol:   class PacketBuffer
  location: class PacketSessionSync
/app/src/main/java/me/ichun/mods/morph/common/packet/PacketSessionSync.java:36: error: cannot find symbol
    public void readFrom(PacketBuffer buf)
                         ^
  symbol:   class PacketBuffer
  location: class PacketSessionSync
/app/src/main/java/me/ichun/mods/morph/common/packet/PacketSessionSync.java:48: error: package NetworkEvent does not exist
    public void process(NetworkEvent.Context context)
                                    ^
/app/src/main/java/me/ichun/mods/morph/common/packet/PacketInvalidateClientHealth.java:5: error: cannot find symbol
import net.minecraft.network.PacketBuffer;
                            ^
  symbol:   class PacketBuffer
  location: package net.minecraft.network
/app/src/main/java/me/ichun/mods/morph/common/packet/PacketInvalidateClientHealth.java:8: error: package net.minecraftforge.fml.network does not exist
import net.minecraftforge.fml.network.NetworkEvent;
                                     ^
/app/src/main/java/me/ichun/mods/morph/common/packet/PacketInvalidateClientHealth.java:15: error: cannot find symbol
    public void writeTo(PacketBuffer buf){}
                        ^
  symbol:   class PacketBuffer
  location: class PacketInvalidateClientHealth
/app/src/main/java/me/ichun/mods/morph/common/packet/PacketInvalidateClientHealth.java:18: error: cannot find symbol
    public void readFrom(PacketBuffer buf){}
                         ^
  symbol:   class PacketBuffer
  location: class PacketInvalidateClientHealth
/app/src/main/java/me/ichun/mods/morph/common/packet/PacketInvalidateClientHealth.java:21: error: package NetworkEvent does not exist
    public void process(NetworkEvent.Context context)
                                    ^
/app/src/main/java/me/ichun/mods/morph/common/packet/PacketOpenGenerator.java:7: error: package net.minecraft.entity does not exist
import net.minecraft.entity.Entity;
                           ^
/app/src/main/java/me/ichun/mods/morph/common/packet/PacketOpenGenerator.java:8: error: package net.minecraft.entity does not exist
import net.minecraft.entity.LivingEntity;
                           ^
/app/src/main/java/me/ichun/mods/morph/common/packet/PacketOpenGenerator.java:9: error: package net.minecraft.entity.player does not exist
import net.minecraft.entity.player.PlayerEntity;
                                  ^
/app/src/main/java/me/ichun/mods/morph/common/packet/PacketOpenGenerator.java:10: error: cannot find symbol
import net.minecraft.network.PacketBuffer;
                            ^
  symbol:   class PacketBuffer
  location: package net.minecraft.network
/app/src/main/java/me/ichun/mods/morph/common/packet/PacketOpenGenerator.java:13: error: package net.minecraftforge.fml.network does not exist
import net.minecraftforge.fml.network.NetworkEvent;
                                     ^
/app/src/main/java/me/ichun/mods/morph/common/packet/PacketOpenGenerator.java:27: error: cannot find symbol
    public void writeTo(PacketBuffer buf)
                        ^
  symbol:   class PacketBuffer
  location: class PacketOpenGenerator
/app/src/main/java/me/ichun/mods/morph/common/packet/PacketOpenGenerator.java:33: error: cannot find symbol
    public void readFrom(PacketBuffer buf)
                         ^
  symbol:   class PacketBuffer
  location: class PacketOpenGenerator
/app/src/main/java/me/ichun/mods/morph/common/packet/PacketOpenGenerator.java:39: error: package NetworkEvent does not exist
    public void process(NetworkEvent.Context context)
                                    ^
/app/src/main/java/me/ichun/mods/morph/common/packet/PacketOpenGenerator.java:45: error: package NetworkEvent does not exist
    private void handleClient(NetworkEvent.Context context)
                                          ^
/app/src/main/java/me/ichun/mods/morph/common/packet/PacketUpdateBiomassValue.java:5: error: cannot find symbol
import net.minecraft.network.PacketBuffer;
                            ^
  symbol:   class PacketBuffer
  location: package net.minecraft.network
/app/src/main/java/me/ichun/mods/morph/common/packet/PacketUpdateBiomassValue.java:6: error: package net.minecraftforge.fml.network does not exist
import net.minecraftforge.fml.network.NetworkEvent;
                                     ^
/app/src/main/java/me/ichun/mods/morph/common/packet/PacketUpdateBiomassValue.java:20: error: cannot find symbol
    public void writeTo(PacketBuffer buf)
                        ^
  symbol:   class PacketBuffer
  location: class PacketUpdateBiomassValue
/app/src/main/java/me/ichun/mods/morph/common/packet/PacketUpdateBiomassValue.java:26: error: cannot find symbol
    public void readFrom(PacketBuffer buf)
                         ^
  symbol:   class PacketBuffer
  location: class PacketUpdateBiomassValue
/app/src/main/java/me/ichun/mods/morph/common/packet/PacketUpdateBiomassValue.java:32: error: package NetworkEvent does not exist
    public void process(NetworkEvent.Context context)
                                    ^
/app/src/main/java/me/ichun/mods/morph/common/packet/PacketUpdateMorph.java:4: error: package me.ichun.mods.morph.api.morph does not exist
import me.ichun.mods.morph.api.morph.MorphVariant;
                                    ^
/app/src/main/java/me/ichun/mods/morph/common/packet/PacketUpdateMorph.java:6: error: cannot find symbol
import net.minecraft.nbt.CompoundNBT;
                        ^
  symbol:   class CompoundNBT
  location: package net.minecraft.nbt
/app/src/main/java/me/ichun/mods/morph/common/packet/PacketUpdateMorph.java:7: error: cannot find symbol
import net.minecraft.network.PacketBuffer;
                            ^
  symbol:   class PacketBuffer
  location: package net.minecraft.network
/app/src/main/java/me/ichun/mods/morph/common/packet/PacketUpdateMorph.java:8: error: package net.minecraftforge.fml.network does not exist
import net.minecraftforge.fml.network.NetworkEvent;
                                     ^
/app/src/main/java/me/ichun/mods/morph/common/packet/PacketUpdateMorph.java:12: error: cannot find symbol
    public CompoundNBT nbt;
           ^
  symbol:   class CompoundNBT
  location: class PacketUpdateMorph
/app/src/main/java/me/ichun/mods/morph/common/packet/PacketUpdateMorph.java:16: error: cannot find symbol
    public PacketUpdateMorph(CompoundNBT nbt)
                             ^
  symbol:   class CompoundNBT
  location: class PacketUpdateMorph
/app/src/main/java/me/ichun/mods/morph/common/packet/PacketUpdateMorph.java:22: error: cannot find symbol
    public void writeTo(PacketBuffer buf)
                        ^
  symbol:   class PacketBuffer
  location: class PacketUpdateMorph
/app/src/main/java/me/ichun/mods/morph/common/packet/PacketUpdateMorph.java:28: error: cannot find symbol
    public void readFrom(PacketBuffer buf)
                         ^
  symbol:   class PacketBuffer
  location: class PacketUpdateMorph
/app/src/main/java/me/ichun/mods/morph/common/packet/PacketUpdateMorph.java:34: error: package NetworkEvent does not exist
    public void process(NetworkEvent.Context context)
                                    ^
/app/src/main/java/me/ichun/mods/morph/common/packet/PacketRequestMorphInfo.java:6: error: package net.minecraft.entity.player does not exist
import net.minecraft.entity.player.PlayerEntity;
                                  ^
/app/src/main/java/me/ichun/mods/morph/common/packet/PacketRequestMorphInfo.java:7: error: cannot find symbol
import net.minecraft.nbt.CompoundNBT;
                        ^
  symbol:   class CompoundNBT
  location: package net.minecraft.nbt
/app/src/main/java/me/ichun/mods/morph/common/packet/PacketRequestMorphInfo.java:8: error: cannot find symbol
import net.minecraft.network.PacketBuffer;
                            ^
  symbol:   class PacketBuffer
  location: package net.minecraft.network
/app/src/main/java/me/ichun/mods/morph/common/packet/PacketRequestMorphInfo.java:9: error: package net.minecraftforge.fml.network does not exist
import net.minecraftforge.fml.network.NetworkEvent;
                                     ^
/app/src/main/java/me/ichun/mods/morph/common/packet/PacketRequestMorphInfo.java:25: error: cannot find symbol
    public void writeTo(PacketBuffer buf)
                        ^
  symbol:   class PacketBuffer
  location: class PacketRequestMorphInfo
/app/src/main/java/me/ichun/mods/morph/common/packet/PacketRequestMorphInfo.java:31: error: cannot find symbol
    public void readFrom(PacketBuffer buf)
                         ^
  symbol:   class PacketBuffer
  location: class PacketRequestMorphInfo
/app/src/main/java/me/ichun/mods/morph/common/packet/PacketRequestMorphInfo.java:37: error: package NetworkEvent does not exist
    public void process(NetworkEvent.Context context)
                                    ^
/app/src/main/java/me/ichun/mods/morph/common/packet/PacketMorphInfo.java:6: error: package net.minecraft.entity does not exist
import net.minecraft.entity.Entity;
                           ^
/app/src/main/java/me/ichun/mods/morph/common/packet/PacketMorphInfo.java:7: error: package net.minecraft.entity.player does not exist
import net.minecraft.entity.player.PlayerEntity;
                                  ^
/app/src/main/java/me/ichun/mods/morph/common/packet/PacketMorphInfo.java:8: error: cannot find symbol
import net.minecraft.nbt.CompoundNBT;
                        ^
  symbol:   class CompoundNBT
  location: package net.minecraft.nbt
/app/src/main/java/me/ichun/mods/morph/common/packet/PacketMorphInfo.java:9: error: cannot find symbol
import net.minecraft.network.PacketBuffer;
                            ^
  symbol:   class PacketBuffer
  location: package net.minecraft.network
/app/src/main/java/me/ichun/mods/morph/common/packet/PacketMorphInfo.java:12: error: package net.minecraftforge.fml.network does not exist
import net.minecraftforge.fml.network.NetworkEvent;
                                     ^
/app/src/main/java/me/ichun/mods/morph/common/packet/PacketMorphInfo.java:17: error: cannot find symbol
    public CompoundNBT nbt;
           ^
  symbol:   class CompoundNBT
  location: class PacketMorphInfo
/app/src/main/java/me/ichun/mods/morph/common/packet/PacketMorphInfo.java:21: error: cannot find symbol
    public PacketMorphInfo(int id, CompoundNBT nbt)
                                   ^
  symbol:   class CompoundNBT
  location: class PacketMorphInfo
/app/src/main/java/me/ichun/mods/morph/common/packet/PacketMorphInfo.java:28: error: cannot find symbol
    public void writeTo(PacketBuffer buf)
                        ^
  symbol:   class PacketBuffer
  location: class PacketMorphInfo
/app/src/main/java/me/ichun/mods/morph/common/packet/PacketMorphInfo.java:35: error: cannot find symbol
    public void readFrom(PacketBuffer buf)
                         ^
  symbol:   class PacketBuffer
  location: class PacketMorphInfo
/app/src/main/java/me/ichun/mods/morph/common/packet/PacketMorphInfo.java:42: error: package NetworkEvent does not exist
    public void process(NetworkEvent.Context context)
                                    ^
/app/src/main/java/me/ichun/mods/morph/common/packet/PacketMorphInput.java:4: error: package me.ichun.mods.morph.api.morph does not exist
import me.ichun.mods.morph.api.morph.MorphVariant;
                                    ^
/app/src/main/java/me/ichun/mods/morph/common/packet/PacketMorphInput.java:8: error: cannot find symbol
import net.minecraft.nbt.CompoundNBT;
                        ^
  symbol:   class CompoundNBT
  location: package net.minecraft.nbt
/app/src/main/java/me/ichun/mods/morph/common/packet/PacketMorphInput.java:9: error: cannot find symbol
import net.minecraft.network.PacketBuffer;
                            ^
  symbol:   class PacketBuffer
  location: package net.minecraft.network
/app/src/main/java/me/ichun/mods/morph/common/packet/PacketMorphInput.java:10: error: package net.minecraftforge.fml.network does not exist
import net.minecraftforge.fml.network.NetworkEvent;
                                     ^
/app/src/main/java/me/ichun/mods/morph/common/packet/PacketMorphInput.java:30: error: cannot find symbol
    public void writeTo(PacketBuffer buf)
                        ^
  symbol:   class PacketBuffer
  location: class PacketMorphInput
/app/src/main/java/me/ichun/mods/morph/common/packet/PacketMorphInput.java:39: error: cannot find symbol
    public void readFrom(PacketBuffer buf)
                         ^
  symbol:   class PacketBuffer
  location: class PacketMorphInput
/app/src/main/java/me/ichun/mods/morph/common/packet/PacketMorphInput.java:48: error: package NetworkEvent does not exist
    public void process(NetworkEvent.Context context)
                                    ^
/app/src/main/java/me/ichun/mods/morph/common/packet/PacketAcquisition.java:3: error: package me.ichun.mods.ichunutil.common.entity.util does not exist
import me.ichun.mods.ichunutil.common.entity.util.EntityHelper;
                                                 ^
/app/src/main/java/me/ichun/mods/morph/common/packet/PacketAcquisition.java:8: error: package net.minecraft.entity does not exist
import net.minecraft.entity.Entity;
                           ^
/app/src/main/java/me/ichun/mods/morph/common/packet/PacketAcquisition.java:9: error: package net.minecraft.entity does not exist
import net.minecraft.entity.LivingEntity;
                           ^
/app/src/main/java/me/ichun/mods/morph/common/packet/PacketAcquisition.java:10: error: cannot find symbol
import net.minecraft.network.PacketBuffer;
                            ^
  symbol:   class PacketBuffer
  location: package net.minecraft.network
/app/src/main/java/me/ichun/mods/morph/common/packet/PacketAcquisition.java:13: error: package net.minecraftforge.fml.network does not exist
import net.minecraftforge.fml.network.NetworkEvent;
                                     ^
/app/src/main/java/me/ichun/mods/morph/common/packet/PacketAcquisition.java:32: error: cannot find symbol
    public void writeTo(PacketBuffer buf)
                        ^
  symbol:   class PacketBuffer
  location: class PacketAcquisition
/app/src/main/java/me/ichun/mods/morph/common/packet/PacketAcquisition.java:40: error: cannot find symbol
    public void readFrom(PacketBuffer buf)
                         ^
  symbol:   class PacketBuffer
  location: class PacketAcquisition
/app/src/main/java/me/ichun/mods/morph/common/packet/PacketAcquisition.java:48: error: package NetworkEvent does not exist
    public void process(NetworkEvent.Context context)
                                    ^
/app/src/main/java/me/ichun/mods/morph/common/packet/PacketAcquisition.java:57: error: package NetworkEvent does not exist
    private void handleClient(NetworkEvent.Context context)
                                          ^
/app/src/main/java/me/ichun/mods/morph/common/packet/PacketPlayerData.java:6: error: cannot find symbol
import net.minecraft.nbt.CompoundNBT;
                        ^
  symbol:   class CompoundNBT
  location: package net.minecraft.nbt
/app/src/main/java/me/ichun/mods/morph/common/packet/PacketPlayerData.java:7: error: cannot find symbol
import net.minecraft.network.PacketBuffer;
                            ^
  symbol:   class PacketBuffer
  location: package net.minecraft.network
/app/src/main/java/me/ichun/mods/morph/common/packet/PacketPlayerData.java:8: error: package net.minecraftforge.fml.network does not exist
import net.minecraftforge.fml.network.NetworkEvent;
                                     ^
/app/src/main/java/me/ichun/mods/morph/common/packet/PacketPlayerData.java:12: error: cannot find symbol
    public CompoundNBT nbt;
           ^
  symbol:   class CompoundNBT
  location: class PacketPlayerData
/app/src/main/java/me/ichun/mods/morph/common/packet/PacketPlayerData.java:16: error: cannot find symbol
    public PacketPlayerData(CompoundNBT nbt)
                            ^
  symbol:   class CompoundNBT
  location: class PacketPlayerData
/app/src/main/java/me/ichun/mods/morph/common/packet/PacketPlayerData.java:22: error: cannot find symbol
    public void writeTo(PacketBuffer buf)
                        ^
  symbol:   class PacketBuffer
  location: class PacketPlayerData
/app/src/main/java/me/ichun/mods/morph/common/packet/PacketPlayerData.java:28: error: cannot find symbol
    public void readFrom(PacketBuffer buf)
                         ^
  symbol:   class PacketBuffer
  location: class PacketPlayerData
/app/src/main/java/me/ichun/mods/morph/common/packet/PacketPlayerData.java:34: error: package NetworkEvent does not exist
    public void process(NetworkEvent.Context context)
                                    ^
/app/src/main/java/me/ichun/mods/morph/common/packet/PacketUpdateBiomassUpgrades.java:4: error: package me.ichun.mods.morph.api.biomass does not exist
import me.ichun.mods.morph.api.biomass.BiomassUpgrade;
                                      ^
/app/src/main/java/me/ichun/mods/morph/common/packet/PacketUpdateBiomassUpgrades.java:6: error: cannot find symbol
import net.minecraft.nbt.CompoundNBT;
                        ^
  symbol:   class CompoundNBT
  location: package net.minecraft.nbt
/app/src/main/java/me/ichun/mods/morph/common/packet/PacketUpdateBiomassUpgrades.java:7: error: cannot find symbol
import net.minecraft.network.PacketBuffer;
                            ^
  symbol:   class PacketBuffer
  location: package net.minecraft.network
/app/src/main/java/me/ichun/mods/morph/common/packet/PacketUpdateBiomassUpgrades.java:8: error: package net.minecraftforge.fml.network does not exist
import net.minecraftforge.fml.network.NetworkEvent;
                                     ^
/app/src/main/java/me/ichun/mods/morph/common/packet/PacketUpdateBiomassUpgrades.java:15: error: cannot find symbol
    public ArrayList<BiomassUpgrade> upgrades;
                     ^
  symbol:   class BiomassUpgrade
  location: class PacketUpdateBiomassUpgrades
/app/src/main/java/me/ichun/mods/morph/common/packet/PacketUpdateBiomassUpgrades.java:19: error: cannot find symbol
    public PacketUpdateBiomassUpgrades(Collection<BiomassUpgrade> upgrades)
                                                  ^
  symbol:   class BiomassUpgrade
  location: class PacketUpdateBiomassUpgrades
/app/src/main/java/me/ichun/mods/morph/common/packet/PacketUpdateBiomassUpgrades.java:25: error: cannot find symbol
    public void writeTo(PacketBuffer buf)
                        ^
  symbol:   class PacketBuffer
  location: class PacketUpdateBiomassUpgrades
/app/src/main/java/me/ichun/mods/morph/common/packet/PacketUpdateBiomassUpgrades.java:36: error: cannot find symbol
    public void readFrom(PacketBuffer buf)
                         ^
  symbol:   class PacketBuffer
  location: class PacketUpdateBiomassUpgrades
/app/src/main/java/me/ichun/mods/morph/common/packet/PacketUpdateBiomassUpgrades.java:48: error: package NetworkEvent does not exist
    public void process(NetworkEvent.Context context)
                                    ^
/app/src/main/java/me/ichun/mods/morph/common/biomass/BiomassUpgradeHandler.java:5: error: package me.ichun.mods.morph.api.biomass does not exist
import me.ichun.mods.morph.api.biomass.BiomassUpgradeInfo;
                                      ^
/app/src/main/java/me/ichun/mods/morph/common/biomass/BiomassUpgradeHandler.java:6: error: package me.ichun.mods.morph.api.event does not exist
import me.ichun.mods.morph.api.event.MorphLoadResourceEvent;
                                    ^
/app/src/main/java/me/ichun/mods/morph/common/biomass/BiomassUpgradeHandler.java:18: error: cannot find symbol
    public static final HashMap<String, BiomassUpgradeInfo> BIOMASS_UPGRADES = new HashMap<>(); //TODO do I want to do it like this?
                                        ^
  symbol:   class BiomassUpgradeInfo
  location: class BiomassUpgradeHandler
/app/src/main/java/me/ichun/mods/morph/mixin/LlamaEntityInvokerMixin.java:3: error: package net.minecraft.entity.passive.horse does not exist
import net.minecraft.entity.passive.horse.LlamaEntity;
                                         ^
/app/src/main/java/me/ichun/mods/morph/mixin/LlamaEntityInvokerMixin.java:4: error: package net.minecraft.item does not exist
import net.minecraft.item.DyeColor;
                         ^
/app/src/main/java/me/ichun/mods/morph/mixin/LlamaEntityInvokerMixin.java:12: error: cannot find symbol
    void callSetColor(DyeColor color);
                      ^
  symbol:   class DyeColor
  location: interface LlamaEntityInvokerMixin
/app/src/main/java/me/ichun/mods/morph/mixin/EntityMixin.java:3: error: package me.ichun.mods.morph.api.morph does not exist
import me.ichun.mods.morph.api.morph.MorphInfo;
                                    ^
/app/src/main/java/me/ichun/mods/morph/mixin/EntityMixin.java:5: error: package net.minecraft.block does not exist
import net.minecraft.block.BlockState;
                          ^
/app/src/main/java/me/ichun/mods/morph/mixin/EntityMixin.java:6: error: package net.minecraft.entity does not exist
import net.minecraft.entity.Entity;
                           ^
/app/src/main/java/me/ichun/mods/morph/mixin/EntityMixin.java:7: error: package net.minecraft.entity.player does not exist
import net.minecraft.entity.player.PlayerEntity;
                                  ^
/app/src/main/java/me/ichun/mods/morph/mixin/EntityMixin.java:8: error: package net.minecraft.util.math does not exist
import net.minecraft.util.math.BlockPos;
                              ^
/app/src/main/java/me/ichun/mods/morph/mixin/EntityMixin.java:19: error: cannot find symbol
    public void playStepSound(BlockPos pos, BlockState blockState, CallbackInfo ci)
                              ^
  symbol:   class BlockPos
  location: class EntityMixin
/app/src/main/java/me/ichun/mods/morph/mixin/EntityMixin.java:19: error: cannot find symbol
    public void playStepSound(BlockPos pos, BlockState blockState, CallbackInfo ci)
                                            ^
  symbol:   class BlockState
  location: class EntityMixin
/app/src/main/java/me/ichun/mods/morph/mixin/PlayerRendererMixin.java:3: error: package com.mojang.blaze3d.matrix does not exist
import com.mojang.blaze3d.matrix.MatrixStack;
                                ^
/app/src/main/java/me/ichun/mods/morph/mixin/PlayerRendererMixin.java:5: error: package net.minecraft.client.entity.player does not exist
import net.minecraft.client.entity.player.AbstractClientPlayerEntity;
                                         ^
/app/src/main/java/me/ichun/mods/morph/mixin/PlayerRendererMixin.java:6: error: cannot find symbol
import net.minecraft.client.renderer.IRenderTypeBuffer;
                                    ^
  symbol:   class IRenderTypeBuffer
  location: package net.minecraft.client.renderer
/app/src/main/java/me/ichun/mods/morph/mixin/PlayerRendererMixin.java:7: error: cannot find symbol
import net.minecraft.client.renderer.entity.PlayerRenderer;
                                           ^
  symbol:   class PlayerRenderer
  location: package net.minecraft.client.renderer.entity
/app/src/main/java/me/ichun/mods/morph/mixin/PlayerRendererMixin.java:8: error: package net.minecraft.client.renderer.model does not exist
import net.minecraft.client.renderer.model.ModelRenderer;
                                          ^
/app/src/main/java/me/ichun/mods/morph/mixin/PlayerRendererMixin.java:19: error: cannot find symbol
    private void renderItem(MatrixStack stack, IRenderTypeBuffer buffer, int light, AbstractClientPlayerEntity player, ModelRenderer arm, ModelRenderer armwear, CallbackInfo ci)
                            ^
  symbol:   class MatrixStack
  location: class PlayerRendererMixin
/app/src/main/java/me/ichun/mods/morph/mixin/PlayerRendererMixin.java:19: error: cannot find symbol
    private void renderItem(MatrixStack stack, IRenderTypeBuffer buffer, int light, AbstractClientPlayerEntity player, ModelRenderer arm, ModelRenderer armwear, CallbackInfo ci)
                                               ^
  symbol:   class IRenderTypeBuffer
  location: class PlayerRendererMixin
/app/src/main/java/me/ichun/mods/morph/mixin/PlayerRendererMixin.java:19: error: cannot find symbol
    private void renderItem(MatrixStack stack, IRenderTypeBuffer buffer, int light, AbstractClientPlayerEntity player, ModelRenderer arm, ModelRenderer armwear, CallbackInfo ci)
                                                                                    ^
  symbol:   class AbstractClientPlayerEntity
  location: class PlayerRendererMixin
/app/src/main/java/me/ichun/mods/morph/mixin/PlayerRendererMixin.java:19: error: cannot find symbol
    private void renderItem(MatrixStack stack, IRenderTypeBuffer buffer, int light, AbstractClientPlayerEntity player, ModelRenderer arm, ModelRenderer armwear, CallbackInfo ci)
                                                                                                                       ^
  symbol:   class ModelRenderer
  location: class PlayerRendererMixin
/app/src/main/java/me/ichun/mods/morph/mixin/PlayerRendererMixin.java:19: error: cannot find symbol
    private void renderItem(MatrixStack stack, IRenderTypeBuffer buffer, int light, AbstractClientPlayerEntity player, ModelRenderer arm, ModelRenderer armwear, CallbackInfo ci)
                                                                                                                                          ^
  symbol:   class ModelRenderer
  location: class PlayerRendererMixin
/app/src/main/java/me/ichun/mods/morph/mixin/EntityInvokerMixin.java:3: error: package net.minecraft.block does not exist
import net.minecraft.block.BlockState;
                          ^
/app/src/main/java/me/ichun/mods/morph/mixin/EntityInvokerMixin.java:4: error: package net.minecraft.entity does not exist
import net.minecraft.entity.Entity;
                           ^
/app/src/main/java/me/ichun/mods/morph/mixin/EntityInvokerMixin.java:5: error: package net.minecraft.util.math does not exist
import net.minecraft.util.math.BlockPos;
                              ^
/app/src/main/java/me/ichun/mods/morph/mixin/EntityInvokerMixin.java:13: error: cannot find symbol
    void callPlayStepSound(BlockPos pos, BlockState blockState);
                           ^
  symbol:   class BlockPos
  location: interface EntityInvokerMixin
/app/src/main/java/me/ichun/mods/morph/mixin/EntityInvokerMixin.java:13: error: cannot find symbol
    void callPlayStepSound(BlockPos pos, BlockState blockState);
                                         ^
  symbol:   class BlockState
  location: interface EntityInvokerMixin
/app/src/main/java/me/ichun/mods/morph/mixin/ForgeIngameGuiMixin.java:3: error: package com.mojang.blaze3d.matrix does not exist
import com.mojang.blaze3d.matrix.MatrixStack;
                                ^
/app/src/main/java/me/ichun/mods/morph/mixin/ForgeIngameGuiMixin.java:5: error: cannot find symbol
import net.minecraftforge.client.gui.ForgeIngameGui;
                                    ^
  symbol:   class ForgeIngameGui
  location: package net.minecraftforge.client.gui
/app/src/main/java/me/ichun/mods/morph/mixin/ForgeIngameGuiMixin.java:15: error: cannot find symbol
    public void renderIngameGuiPre(MatrixStack mStack, float partialTicks, CallbackInfo ci)
                                   ^
  symbol:   class MatrixStack
  location: class ForgeIngameGuiMixin
/app/src/main/java/me/ichun/mods/morph/mixin/ForgeIngameGuiMixin.java:24: error: cannot find symbol
    public void renderIngameGuiPost(MatrixStack mStack, float partialTicks, CallbackInfo ci)
                                    ^
  symbol:   class MatrixStack
  location: class ForgeIngameGuiMixin
/app/src/main/java/me/ichun/mods/morph/mixin/PlayerEntityMixin.java:3: error: package me.ichun.mods.morph.api.morph does not exist
import me.ichun.mods.morph.api.morph.MorphInfo;
                                    ^
/app/src/main/java/me/ichun/mods/morph/mixin/PlayerEntityMixin.java:5: error: package net.minecraft.entity does not exist
import net.minecraft.entity.EntitySize;
                           ^
/app/src/main/java/me/ichun/mods/morph/mixin/PlayerEntityMixin.java:6: error: package net.minecraft.entity does not exist
import net.minecraft.entity.Pose;
                           ^
/app/src/main/java/me/ichun/mods/morph/mixin/PlayerEntityMixin.java:7: error: package net.minecraft.entity.player does not exist
import net.minecraft.entity.player.PlayerEntity;
                                  ^
/app/src/main/java/me/ichun/mods/morph/mixin/PlayerEntityMixin.java:8: error: cannot find symbol
import net.minecraft.util.DamageSource;
                         ^
  symbol:   class DamageSource
  location: package net.minecraft.util
/app/src/main/java/me/ichun/mods/morph/mixin/PlayerEntityMixin.java:9: error: cannot find symbol
import net.minecraft.util.SoundEvent;
                         ^
  symbol:   class SoundEvent
  location: package net.minecraft.util
/app/src/main/java/me/ichun/mods/morph/mixin/PlayerEntityMixin.java:19: error: cannot find symbol
    private void getHurtSound(DamageSource source, CallbackInfoReturnable<SoundEvent> cir)
                              ^
  symbol:   class DamageSource
  location: class PlayerEntityMixin
/app/src/main/java/me/ichun/mods/morph/mixin/PlayerEntityMixin.java:19: error: cannot find symbol
    private void getHurtSound(DamageSource source, CallbackInfoReturnable<SoundEvent> cir)
                                                                          ^
  symbol:   class SoundEvent
  location: class PlayerEntityMixin
/app/src/main/java/me/ichun/mods/morph/mixin/PlayerEntityMixin.java:30: error: cannot find symbol
    private void getDeathSound(CallbackInfoReturnable<SoundEvent> cir)
                                                      ^
  symbol:   class SoundEvent
  location: class PlayerEntityMixin
/app/src/main/java/me/ichun/mods/morph/mixin/PlayerEntityMixin.java:41: error: cannot find symbol
    private void getFallSound(int height, CallbackInfoReturnable<SoundEvent> cir)
                                                                 ^
  symbol:   class SoundEvent
  location: class PlayerEntityMixin
/app/src/main/java/me/ichun/mods/morph/mixin/PlayerEntityMixin.java:52: error: cannot find symbol
    private void getSize(Pose pose, CallbackInfoReturnable<EntitySize> cir)
                         ^
  symbol:   class Pose
  location: class PlayerEntityMixin
/app/src/main/java/me/ichun/mods/morph/mixin/PlayerEntityMixin.java:52: error: cannot find symbol
    private void getSize(Pose pose, CallbackInfoReturnable<EntitySize> cir)
                                                           ^
  symbol:   class EntitySize
  location: class PlayerEntityMixin
/app/src/main/java/me/ichun/mods/morph/mixin/AbstractHorseEntityInvokerMixin.java:3: error: package net.minecraft.entity.passive.horse does not exist
import net.minecraft.entity.passive.horse.AbstractHorseEntity;
                                         ^
/app/src/main/java/me/ichun/mods/morph/mixin/AbstractHorseEntityInvokerMixin.java:4: error: package net.minecraft.inventory does not exist
import net.minecraft.inventory.Inventory;
                              ^
/app/src/main/java/me/ichun/mods/morph/mixin/AbstractHorseEntityInvokerMixin.java:13: error: cannot find symbol
    Inventory getHorseChest();
    ^
  symbol:   class Inventory
  location: interface AbstractHorseEntityInvokerMixin
/app/src/main/java/me/ichun/mods/morph/mixin/ModelRendererMixin.java:3: error: package com.mojang.blaze3d.matrix does not exist
import com.mojang.blaze3d.matrix.MatrixStack;
                                ^
/app/src/main/java/me/ichun/mods/morph/mixin/ModelRendererMixin.java:4: error: cannot find symbol
import com.mojang.blaze3d.vertex.IVertexBuilder;
                                ^
  symbol:   class IVertexBuilder
  location: package com.mojang.blaze3d.vertex
/app/src/main/java/me/ichun/mods/morph/mixin/ModelRendererMixin.java:6: error: package net.minecraft.client.renderer.model does not exist
import net.minecraft.client.renderer.model.ModelRenderer;
                                          ^
/app/src/main/java/me/ichun/mods/morph/mixin/ModelRendererMixin.java:16: error: cannot find symbol
    public void render(MatrixStack matrixStackIn, IVertexBuilder bufferIn, int packedLightIn, int packedOverlayIn, float red, float green, float blue, float alpha, CallbackInfo ci)
                       ^
  symbol:   class MatrixStack
  location: class ModelRendererMixin
/app/src/main/java/me/ichun/mods/morph/mixin/ModelRendererMixin.java:16: error: cannot find symbol
    public void render(MatrixStack matrixStackIn, IVertexBuilder bufferIn, int packedLightIn, int packedOverlayIn, float red, float green, float blue, float alpha, CallbackInfo ci)
                                                  ^
  symbol:   class IVertexBuilder
  location: class ModelRendererMixin
/app/src/main/java/me/ichun/mods/morph/mixin/LivingEntityInvokerMixin.java:3: error: package net.minecraft.entity does not exist
import net.minecraft.entity.LivingEntity;
                           ^
/app/src/main/java/me/ichun/mods/morph/mixin/LivingEntityInvokerMixin.java:4: error: package net.minecraft.item does not exist
import net.minecraft.item.ItemStack;
                         ^
/app/src/main/java/me/ichun/mods/morph/mixin/LivingEntityInvokerMixin.java:5: error: cannot find symbol
import net.minecraft.util.DamageSource;
                         ^
  symbol:   class DamageSource
  location: package net.minecraft.util
/app/src/main/java/me/ichun/mods/morph/mixin/LivingEntityInvokerMixin.java:6: error: cannot find symbol
import net.minecraft.util.SoundEvent;
                         ^
  symbol:   class SoundEvent
  location: package net.minecraft.util
/app/src/main/java/me/ichun/mods/morph/mixin/LivingEntityInvokerMixin.java:14: error: cannot find symbol
    SoundEvent callGetHurtSound(DamageSource source);
                                ^
  symbol:   class DamageSource
  location: interface LivingEntityInvokerMixin
/app/src/main/java/me/ichun/mods/morph/mixin/LivingEntityInvokerMixin.java:14: error: cannot find symbol
    SoundEvent callGetHurtSound(DamageSource source);
    ^
  symbol:   class SoundEvent
  location: interface LivingEntityInvokerMixin
/app/src/main/java/me/ichun/mods/morph/mixin/LivingEntityInvokerMixin.java:17: error: cannot find symbol
    SoundEvent callGetDeathSound();
    ^
  symbol:   class SoundEvent
  location: interface LivingEntityInvokerMixin
/app/src/main/java/me/ichun/mods/morph/mixin/LivingEntityInvokerMixin.java:20: error: cannot find symbol
    SoundEvent callGetFallSound(int height);
    ^
  symbol:   class SoundEvent
  location: interface LivingEntityInvokerMixin
/app/src/main/java/me/ichun/mods/morph/mixin/LivingEntityInvokerMixin.java:23: error: cannot find symbol
    SoundEvent callGetDrinkSound(ItemStack stack);
                                 ^
  symbol:   class ItemStack
  location: interface LivingEntityInvokerMixin
/app/src/main/java/me/ichun/mods/morph/mixin/LivingEntityInvokerMixin.java:23: error: cannot find symbol
    SoundEvent callGetDrinkSound(ItemStack stack);
    ^
  symbol:   class SoundEvent
  location: interface LivingEntityInvokerMixin
/app/src/main/java/me/ichun/mods/morph/mixin/LivingEntityMixin.java:3: error: package me.ichun.mods.morph.api.morph does not exist
import me.ichun.mods.morph.api.morph.MorphInfo;
                                    ^
/app/src/main/java/me/ichun/mods/morph/mixin/LivingEntityMixin.java:5: error: package net.minecraft.entity does not exist
import net.minecraft.entity.LivingEntity;
                           ^
/app/src/main/java/me/ichun/mods/morph/mixin/LivingEntityMixin.java:6: error: package net.minecraft.entity.player does not exist
import net.minecraft.entity.player.PlayerEntity;
                                  ^
/app/src/main/java/me/ichun/mods/morph/mixin/LivingEntityMixin.java:7: error: package net.minecraft.item does not exist
import net.minecraft.item.ItemStack;
                         ^
/app/src/main/java/me/ichun/mods/morph/mixin/LivingEntityMixin.java:8: error: cannot find symbol
import net.minecraft.util.SoundEvent;
                         ^
  symbol:   class SoundEvent
  location: package net.minecraft.util
/app/src/main/java/me/ichun/mods/morph/mixin/LivingEntityMixin.java:44: error: cannot find symbol
    private void getDrinkSound(ItemStack stack, CallbackInfoReturnable<SoundEvent> cir)
                               ^
  symbol:   class ItemStack
  location: class LivingEntityMixin
/app/src/main/java/me/ichun/mods/morph/mixin/LivingEntityMixin.java:44: error: cannot find symbol
    private void getDrinkSound(ItemStack stack, CallbackInfoReturnable<SoundEvent> cir)
                                                                       ^
  symbol:   class SoundEvent
  location: class LivingEntityMixin
/app/src/main/java/me/ichun/mods/morph/mixin/LivingEntityMixin.java:57: error: cannot find symbol
    private void getEatSound(ItemStack stack, CallbackInfoReturnable<SoundEvent> cir)
                             ^
  symbol:   class ItemStack
  location: class LivingEntityMixin
/app/src/main/java/me/ichun/mods/morph/mixin/LivingEntityMixin.java:57: error: cannot find symbol
    private void getEatSound(ItemStack stack, CallbackInfoReturnable<SoundEvent> cir)
                                                                     ^
  symbol:   class SoundEvent
  location: class LivingEntityMixin
/app/src/main/java/me/ichun/mods/morph/client/core/KeyBinds.java:5: error: package net.minecraft.client.settings does not exist
import net.minecraft.client.settings.KeyBinding;
                                    ^
/app/src/main/java/me/ichun/mods/morph/client/core/KeyBinds.java:6: error: package net.minecraft.client.util does not exist
import net.minecraft.client.util.InputMappings;
                                ^
/app/src/main/java/me/ichun/mods/morph/client/render/RenderEntityBiomassAbility.java:3: error: package com.mojang.blaze3d.matrix does not exist
import com.mojang.blaze3d.matrix.MatrixStack;
                                ^
/app/src/main/java/me/ichun/mods/morph/client/render/RenderEntityBiomassAbility.java:9: error: cannot find symbol
import net.minecraft.client.renderer.IRenderTypeBuffer;
                                    ^
  symbol:   class IRenderTypeBuffer
  location: package net.minecraft.client.renderer
/app/src/main/java/me/ichun/mods/morph/client/render/RenderEntityBiomassAbility.java:10: error: cannot find symbol
import net.minecraft.client.renderer.culling.ClippingHelper;
                                            ^
  symbol:   class ClippingHelper
  location: package net.minecraft.client.renderer.culling
/app/src/main/java/me/ichun/mods/morph/client/render/RenderEntityBiomassAbility.java:12: error: cannot find symbol
import net.minecraft.client.renderer.entity.EntityRendererManager;
                                           ^
  symbol:   class EntityRendererManager
  location: package net.minecraft.client.renderer.entity
/app/src/main/java/me/ichun/mods/morph/client/render/RenderEntityBiomassAbility.java:14: error: package net.minecraft.client.settings does not exist
import net.minecraft.client.settings.PointOfView;
                                    ^
/app/src/main/java/me/ichun/mods/morph/client/render/RenderEntityBiomassAbility.java:15: error: package net.minecraft.entity does not exist
import net.minecraft.entity.LivingEntity;
                           ^
/app/src/main/java/me/ichun/mods/morph/client/render/RenderEntityBiomassAbility.java:16: error: cannot find symbol
import net.minecraft.util.ResourceLocation;
                         ^
  symbol:   class ResourceLocation
  location: package net.minecraft.util
/app/src/main/java/me/ichun/mods/morph/client/render/RenderEntityBiomassAbility.java:19: error: package net.minecraftforge.fml.client.registry does not exist
import net.minecraftforge.fml.client.registry.IRenderFactory;
                                             ^
/app/src/main/java/me/ichun/mods/morph/client/render/RenderEntityBiomassAbility.java:24: error: cannot find symbol
    protected RenderEntityBiomassAbility(EntityRendererManager renderManager)
                                         ^
  symbol:   class EntityRendererManager
  location: class RenderEntityBiomassAbility
/app/src/main/java/me/ichun/mods/morph/client/render/RenderEntityBiomassAbility.java:31: error: cannot find symbol
    public void render(EntityBiomassAbility ability, float entityYaw, float partialTick, MatrixStack stack, IRenderTypeBuffer buffer, int light)
                                                                                         ^
  symbol:   class MatrixStack
  location: class RenderEntityBiomassAbility
/app/src/main/java/me/ichun/mods/morph/client/render/RenderEntityBiomassAbility.java:31: error: cannot find symbol
    public void render(EntityBiomassAbility ability, float entityYaw, float partialTick, MatrixStack stack, IRenderTypeBuffer buffer, int light)
                                                                                                            ^
  symbol:   class IRenderTypeBuffer
  location: class RenderEntityBiomassAbility
/app/src/main/java/me/ichun/mods/morph/client/render/RenderEntityBiomassAbility.java:76: error: cannot find symbol
    public boolean shouldRender(EntityBiomassAbility ability, ClippingHelper camera, double camX, double camY, double camZ)
                                                              ^
  symbol:   class ClippingHelper
  location: class RenderEntityBiomassAbility
/app/src/main/java/me/ichun/mods/morph/client/render/RenderEntityBiomassAbility.java:83: error: cannot find symbol
    public ResourceLocation getEntityTexture(EntityBiomassAbility ability)
           ^
  symbol:   class ResourceLocation
  location: class RenderEntityBiomassAbility
/app/src/main/java/me/ichun/mods/morph/client/render/RenderEntityBiomassAbility.java:88: error: cannot find symbol
    public static class RenderFactory implements IRenderFactory<EntityBiomassAbility>
                                                 ^
  symbol:   class IRenderFactory
  location: class RenderEntityBiomassAbility
/app/src/main/java/me/ichun/mods/morph/client/render/RenderEntityBiomassAbility.java:91: error: cannot find symbol
        public EntityRenderer<? super EntityBiomassAbility> createRenderFor(EntityRendererManager manager)
                                                                            ^
  symbol:   class EntityRendererManager
  location: class RenderFactory
/app/src/main/java/me/ichun/mods/morph/client/render/hand/HandHandler.java:5: error: package com.mojang.blaze3d.matrix does not exist
import com.mojang.blaze3d.matrix.MatrixStack;
                                ^
/app/src/main/java/me/ichun/mods/morph/client/render/hand/HandHandler.java:6: error: cannot find symbol
import com.mojang.blaze3d.vertex.IVertexBuilder;
                                ^
  symbol:   class IVertexBuilder
  location: package com.mojang.blaze3d.vertex
/app/src/main/java/me/ichun/mods/morph/client/render/hand/HandHandler.java:7: error: package me.ichun.mods.ichunutil.api.client.hand does not exist
import me.ichun.mods.ichunutil.api.client.hand.HandInfo;
                                              ^
/app/src/main/java/me/ichun/mods/morph/client/render/hand/HandHandler.java:8: error: package me.ichun.mods.ichunutil.api.common does not exist
import me.ichun.mods.ichunutil.api.common.PlacementCorrector;
                                         ^
/app/src/main/java/me/ichun/mods/morph/client/render/hand/HandHandler.java:9: error: package me.ichun.mods.ichunutil.client.model.util does not exist
import me.ichun.mods.ichunutil.client.model.util.ModelHelper;
                                                ^
/app/src/main/java/me/ichun/mods/morph/client/render/hand/HandHandler.java:11: error: package me.ichun.mods.ichunutil.common.module.tabula.project does not exist
import me.ichun.mods.ichunutil.common.module.tabula.project.Project;
                                                           ^
/app/src/main/java/me/ichun/mods/morph/client/render/hand/HandHandler.java:13: error: package me.ichun.mods.morph.api.event does not exist
import me.ichun.mods.morph.api.event.MorphLoadResourceEvent;
                                    ^
/app/src/main/java/me/ichun/mods/morph/client/render/hand/HandHandler.java:14: error: package me.ichun.mods.morph.api.morph does not exist
import me.ichun.mods.morph.api.morph.MorphInfo;
                                    ^
/app/src/main/java/me/ichun/mods/morph/client/render/hand/HandHandler.java:20: error: package net.minecraft.client.entity.player does not exist
import net.minecraft.client.entity.player.AbstractClientPlayerEntity;
                                         ^
/app/src/main/java/me/ichun/mods/morph/client/render/hand/HandHandler.java:21: error: cannot find symbol
import net.minecraft.client.renderer.IRenderTypeBuffer;
                                    ^
  symbol:   class IRenderTypeBuffer
  location: package net.minecraft.client.renderer
/app/src/main/java/me/ichun/mods/morph/client/render/hand/HandHandler.java:24: error: cannot find symbol
import net.minecraft.client.renderer.entity.LivingRenderer;
                                           ^
  symbol:   class LivingRenderer
  location: package net.minecraft.client.renderer.entity
/app/src/main/java/me/ichun/mods/morph/client/render/hand/HandHandler.java:25: error: cannot find symbol
import net.minecraft.client.renderer.entity.PlayerRenderer;
                                           ^
  symbol:   class PlayerRenderer
  location: package net.minecraft.client.renderer.entity
/app/src/main/java/me/ichun/mods/morph/client/render/hand/HandHandler.java:26: error: package net.minecraft.client.renderer.entity.model does not exist
import net.minecraft.client.renderer.entity.model.BipedModel;
                                                 ^
/app/src/main/java/me/ichun/mods/morph/client/render/hand/HandHandler.java:27: error: package net.minecraft.client.renderer.entity.model does not exist
import net.minecraft.client.renderer.entity.model.EntityModel;
                                                 ^
/app/src/main/java/me/ichun/mods/morph/client/render/hand/HandHandler.java:28: error: package net.minecraft.client.renderer.model does not exist
import net.minecraft.client.renderer.model.ModelRenderer;
                                          ^
/app/src/main/java/me/ichun/mods/morph/client/render/hand/HandHandler.java:30: error: package net.minecraft.entity does not exist
import net.minecraft.entity.LivingEntity;
                           ^
/app/src/main/java/me/ichun/mods/morph/client/render/hand/HandHandler.java:31: error: cannot find symbol
import net.minecraft.util.HandSide;
                         ^
  symbol:   class HandSide
  location: package net.minecraft.util
/app/src/main/java/me/ichun/mods/morph/client/render/hand/HandHandler.java:32: error: cannot find symbol
import net.minecraft.util.ResourceLocation;
                         ^
  symbol:   class ResourceLocation
  location: package net.minecraft.util
/app/src/main/java/me/ichun/mods/morph/client/render/hand/HandHandler.java:49: error: cannot find symbol
    private static final HashMap<Class<? extends EntityModel>, HandInfo> MODEL_HAND_INFO = new HashMap<>();
                                                 ^
  symbol:   class EntityModel
  location: class HandHandler
/app/src/main/java/me/ichun/mods/morph/client/render/hand/HandHandler.java:49: error: cannot find symbol
    private static final HashMap<Class<? extends EntityModel>, HandInfo> MODEL_HAND_INFO = new HashMap<>();
                                                               ^
  symbol:   class HandInfo
  location: class HandHandler
/app/src/main/java/me/ichun/mods/morph/client/render/hand/HandHandler.java:54: error: cannot find symbol
    private MorphInfo lastMorphInfo;
            ^
  symbol:   class MorphInfo
  location: class HandHandler
/app/src/main/java/me/ichun/mods/morph/client/render/hand/HandHandler.java:69: error: cannot find symbol
    public boolean renderHand(PlayerRenderer playerRenderer, MatrixStack stack, IRenderTypeBuffer buffer, int light, AbstractClientPlayerEntity player, ModelRenderer arm, ModelRenderer armwear)
                              ^
  symbol:   class PlayerRenderer
  location: class HandHandler
/app/src/main/java/me/ichun/mods/morph/client/render/hand/HandHandler.java:69: error: cannot find symbol
    public boolean renderHand(PlayerRenderer playerRenderer, MatrixStack stack, IRenderTypeBuffer buffer, int light, AbstractClientPlayerEntity player, ModelRenderer arm, ModelRenderer armwear)
                                                             ^
  symbol:   class MatrixStack
  location: class HandHandler
/app/src/main/java/me/ichun/mods/morph/client/render/hand/HandHandler.java:69: error: cannot find symbol
    public boolean renderHand(PlayerRenderer playerRenderer, MatrixStack stack, IRenderTypeBuffer buffer, int light, AbstractClientPlayerEntity player, ModelRenderer arm, ModelRenderer armwear)
                                                                                ^
  symbol:   class IRenderTypeBuffer
  location: class HandHandler
/app/src/main/java/me/ichun/mods/morph/client/render/hand/HandHandler.java:69: error: cannot find symbol
    public boolean renderHand(PlayerRenderer playerRenderer, MatrixStack stack, IRenderTypeBuffer buffer, int light, AbstractClientPlayerEntity player, ModelRenderer arm, ModelRenderer armwear)
                                                                                                                     ^
  symbol:   class AbstractClientPlayerEntity
  location: class HandHandler
/app/src/main/java/me/ichun/mods/morph/client/render/hand/HandHandler.java:69: error: cannot find symbol
    public boolean renderHand(PlayerRenderer playerRenderer, MatrixStack stack, IRenderTypeBuffer buffer, int light, AbstractClientPlayerEntity player, ModelRenderer arm, ModelRenderer armwear)
                                                                                                                                                        ^
  symbol:   class ModelRenderer
  location: class HandHandler
/app/src/main/java/me/ichun/mods/morph/client/render/hand/HandHandler.java:69: error: cannot find symbol
    public boolean renderHand(PlayerRenderer playerRenderer, MatrixStack stack, IRenderTypeBuffer buffer, int light, AbstractClientPlayerEntity player, ModelRenderer arm, ModelRenderer armwear)
                                                                                                                                                                           ^
  symbol:   class ModelRenderer
  location: class HandHandler
/app/src/main/java/me/ichun/mods/morph/client/render/hand/HandHandler.java:286: error: cannot find symbol
    private static void renderModelPreHandModelRendererCopy(EntityModel entityModel, LivingEntity livingInstance)
                                                            ^
  symbol:   class EntityModel
  location: class HandHandler
/app/src/main/java/me/ichun/mods/morph/client/render/hand/HandHandler.java:286: error: cannot find symbol
    private static void renderModelPreHandModelRendererCopy(EntityModel entityModel, LivingEntity livingInstance)
                                                                                     ^
  symbol:   class LivingEntity
  location: class HandHandler
/app/src/main/java/me/ichun/mods/morph/client/render/hand/HandHandler.java:313: error: cannot find symbol
    private static void renderModelPartsWithTexture(ModelRenderer[] parts, MatrixStack[] stacks, MatrixStack stack, IVertexBuilder buffer, int light, float alpha)
                                                    ^
  symbol:   class ModelRenderer
  location: class HandHandler
/app/src/main/java/me/ichun/mods/morph/client/render/hand/HandHandler.java:313: error: cannot find symbol
    private static void renderModelPartsWithTexture(ModelRenderer[] parts, MatrixStack[] stacks, MatrixStack stack, IVertexBuilder buffer, int light, float alpha)
                                                                           ^
  symbol:   class MatrixStack
  location: class HandHandler
/app/src/main/java/me/ichun/mods/morph/client/render/hand/HandHandler.java:313: error: cannot find symbol
    private static void renderModelPartsWithTexture(ModelRenderer[] parts, MatrixStack[] stacks, MatrixStack stack, IVertexBuilder buffer, int light, float alpha)
                                                                                                 ^
  symbol:   class MatrixStack
  location: class HandHandler
/app/src/main/java/me/ichun/mods/morph/client/render/hand/HandHandler.java:313: error: cannot find symbol
    private static void renderModelPartsWithTexture(ModelRenderer[] parts, MatrixStack[] stacks, MatrixStack stack, IVertexBuilder buffer, int light, float alpha)
                                                                                                                    ^
  symbol:   class IVertexBuilder
  location: class HandHandler
/app/src/main/java/me/ichun/mods/morph/client/render/hand/HandHandler.java:371: error: cannot find symbol
    private static HandInfo getHandInfo(Class<? extends EntityModel> clz)
                                                        ^
  symbol:   class EntityModel
  location: class HandHandler
/app/src/main/java/me/ichun/mods/morph/client/render/hand/HandHandler.java:371: error: cannot find symbol
    private static HandInfo getHandInfo(Class<? extends EntityModel> clz)
                   ^
  symbol:   class HandInfo
  location: class HandHandler
/app/src/main/java/me/ichun/mods/morph/client/render/RenderEntityAcquisition.java:3: error: package com.mojang.blaze3d.matrix does not exist
import com.mojang.blaze3d.matrix.MatrixStack;
                                ^
/app/src/main/java/me/ichun/mods/morph/client/render/RenderEntityAcquisition.java:8: error: cannot find symbol
import net.minecraft.client.renderer.IRenderTypeBuffer;
                                    ^
  symbol:   class IRenderTypeBuffer
  location: package net.minecraft.client.renderer
/app/src/main/java/me/ichun/mods/morph/client/render/RenderEntityAcquisition.java:10: error: cannot find symbol
import net.minecraft.client.renderer.culling.ClippingHelper;
                                            ^
  symbol:   class ClippingHelper
  location: package net.minecraft.client.renderer.culling
/app/src/main/java/me/ichun/mods/morph/client/render/RenderEntityAcquisition.java:12: error: cannot find symbol
import net.minecraft.client.renderer.entity.EntityRendererManager;
                                           ^
  symbol:   class EntityRendererManager
  location: package net.minecraft.client.renderer.entity
/app/src/main/java/me/ichun/mods/morph/client/render/RenderEntityAcquisition.java:13: error: cannot find symbol
import net.minecraft.client.renderer.entity.LivingRenderer;
                                           ^
  symbol:   class LivingRenderer
  location: package net.minecraft.client.renderer.entity
/app/src/main/java/me/ichun/mods/morph/client/render/RenderEntityAcquisition.java:15: error: package net.minecraft.entity does not exist
import net.minecraft.entity.LivingEntity;
                           ^
/app/src/main/java/me/ichun/mods/morph/client/render/RenderEntityAcquisition.java:16: error: cannot find symbol
import net.minecraft.util.ResourceLocation;
                         ^
  symbol:   class ResourceLocation
  location: package net.minecraft.util
/app/src/main/java/me/ichun/mods/morph/client/render/RenderEntityAcquisition.java:17: error: package net.minecraft.util.math does not exist
import net.minecraft.util.math.MathHelper;
                              ^
/app/src/main/java/me/ichun/mods/morph/client/render/RenderEntityAcquisition.java:18: error: package net.minecraft.util.math.vector does not exist
import net.minecraft.util.math.vector.Vector3d;
                                     ^
/app/src/main/java/me/ichun/mods/morph/client/render/RenderEntityAcquisition.java:21: error: package net.minecraftforge.fml.client.registry does not exist
import net.minecraftforge.fml.client.registry.IRenderFactory;
                                             ^
/app/src/main/java/me/ichun/mods/morph/client/model/ModelAcquisition.java:3: error: package com.mojang.blaze3d.matrix does not exist
import com.mojang.blaze3d.matrix.MatrixStack;
                                ^
/app/src/main/java/me/ichun/mods/morph/client/model/ModelAcquisition.java:4: error: cannot find symbol
import com.mojang.blaze3d.vertex.IVertexBuilder;
                                ^
  symbol:   class IVertexBuilder
  location: package com.mojang.blaze3d.vertex
/app/src/main/java/me/ichun/mods/morph/client/model/ModelAcquisition.java:9: error: package net.minecraft.client.renderer.entity.model does not exist
import net.minecraft.client.renderer.entity.model.EntityModel;
                                                 ^
/app/src/main/java/me/ichun/mods/morph/client/model/ModelAcquisition.java:10: error: package net.minecraft.client.renderer.model does not exist
import net.minecraft.client.renderer.model.ModelRenderer;
                                          ^
/app/src/main/java/me/ichun/mods/morph/client/model/ModelAcquisition.java:11: error: package net.minecraft.client.settings does not exist
import net.minecraft.client.settings.PointOfView;
                                    ^
/app/src/main/java/me/ichun/mods/morph/client/model/ModelAcquisition.java:12: error: package net.minecraft.util.math does not exist
import net.minecraft.util.math.MathHelper;
                              ^
/app/src/main/java/me/ichun/mods/morph/client/model/ModelAcquisition.java:16: error: cannot find symbol
public class ModelAcquisition extends EntityModel<EntityAcquisition>
                                      ^
  symbol: class EntityModel
/app/src/main/java/me/ichun/mods/morph/client/render/RenderEntityAcquisition.java:28: error: cannot find symbol
    protected RenderEntityAcquisition(EntityRendererManager renderManager)
                                      ^
  symbol:   class EntityRendererManager
  location: class RenderEntityAcquisition
/app/src/main/java/me/ichun/mods/morph/client/render/RenderEntityAcquisition.java:36: error: cannot find symbol
    public void render(EntityAcquisition acquisition, float entityYaw, float partialTicks, MatrixStack stack, IRenderTypeBuffer buffer, int light)
                                                                                           ^
  symbol:   class MatrixStack
  location: class RenderEntityAcquisition
/app/src/main/java/me/ichun/mods/morph/client/render/RenderEntityAcquisition.java:36: error: cannot find symbol
    public void render(EntityAcquisition acquisition, float entityYaw, float partialTicks, MatrixStack stack, IRenderTypeBuffer buffer, int light)
                                                                                                              ^
  symbol:   class IRenderTypeBuffer
  location: class RenderEntityAcquisition
/app/src/main/java/me/ichun/mods/morph/client/render/RenderEntityAcquisition.java:76: error: cannot find symbol
    public boolean shouldRender(EntityAcquisition livingEntityIn, ClippingHelper camera, double camX, double camY, double camZ)
                                                                  ^
  symbol:   class ClippingHelper
  location: class RenderEntityAcquisition
/app/src/main/java/me/ichun/mods/morph/client/render/RenderEntityAcquisition.java:83: error: cannot find symbol
    public ResourceLocation getEntityTexture(EntityAcquisition entity)
           ^
  symbol:   class ResourceLocation
  location: class RenderEntityAcquisition
/app/src/main/java/me/ichun/mods/morph/client/model/ModelAcquisition.java:23: error: cannot find symbol
    public void render(EntityAcquisition entity, float partialTick, MatrixStack stack, IVertexBuilder buffer, int light, int overlay)
                                                                    ^
  symbol:   class MatrixStack
  location: class ModelAcquisition
/app/src/main/java/me/ichun/mods/morph/client/model/ModelAcquisition.java:23: error: cannot find symbol
    public void render(EntityAcquisition entity, float partialTick, MatrixStack stack, IVertexBuilder buffer, int light, int overlay)
                                                                                       ^
  symbol:   class IVertexBuilder
  location: class ModelAcquisition
/app/src/main/java/me/ichun/mods/morph/client/model/ModelAcquisition.java:67: error: cannot find symbol
    public void render(MatrixStack matrixStackIn, IVertexBuilder bufferIn, int packedLightIn, int packedOverlayIn, float red, float green, float blue, float alpha)
                       ^
  symbol:   class MatrixStack
  location: class ModelAcquisition
/app/src/main/java/me/ichun/mods/morph/client/model/ModelAcquisition.java:67: error: cannot find symbol
    public void render(MatrixStack matrixStackIn, IVertexBuilder bufferIn, int packedLightIn, int packedOverlayIn, float red, float green, float blue, float alpha)
                                                  ^
  symbol:   class IVertexBuilder
  location: class ModelAcquisition
/app/src/main/java/me/ichun/mods/morph/client/render/RenderEntityAcquisition.java:88: error: cannot find symbol
    public static class RenderFactory implements IRenderFactory<EntityAcquisition>
                                                 ^
  symbol:   class IRenderFactory
  location: class RenderEntityAcquisition
/app/src/main/java/me/ichun/mods/morph/client/render/RenderEntityAcquisition.java:91: error: cannot find symbol
        public EntityRenderer<? super EntityAcquisition> createRenderFor(EntityRendererManager manager)
                                                                         ^
  symbol:   class EntityRendererManager
  location: class RenderFactory
/app/src/main/java/me/ichun/mods/morph/client/gui/window/element/ElementRenderEntity.java:3: error: package com.mojang.blaze3d.matrix does not exist
import com.mojang.blaze3d.matrix.MatrixStack;
                                ^
/app/src/main/java/me/ichun/mods/morph/client/gui/window/element/ElementRenderEntity.java:5: error: cannot find symbol
import me.ichun.mods.ichunutil.client.gui.bns.window.Fragment;
                                                    ^
  symbol:   class Fragment
  location: package me.ichun.mods.ichunutil.client.gui.bns.window
/app/src/main/java/me/ichun/mods/morph/client/gui/window/element/ElementRenderEntity.java:8: error: package net.minecraft.client.gui.screen.inventory does not exist
import net.minecraft.client.gui.screen.inventory.InventoryScreen;
                                                ^
/app/src/main/java/me/ichun/mods/morph/client/gui/window/element/ElementRenderEntity.java:9: error: package net.minecraft.entity does not exist
import net.minecraft.entity.EntitySize;
                           ^
/app/src/main/java/me/ichun/mods/morph/client/gui/window/element/ElementRenderEntity.java:10: error: package net.minecraft.entity does not exist
import net.minecraft.entity.LivingEntity;
                           ^
/app/src/main/java/me/ichun/mods/morph/client/gui/window/element/ElementRenderEntity.java:11: error: package net.minecraft.entity does not exist
import net.minecraft.entity.Pose;
                           ^
/app/src/main/java/me/ichun/mods/morph/client/gui/window/element/ElementRenderEntity.java:12: error: cannot find symbol
import net.minecraft.util.Util;
                         ^
  symbol:   class Util
  location: package net.minecraft.util
/app/src/main/java/me/ichun/mods/morph/client/gui/window/element/ElementRenderEntity.java:17: error: cannot find symbol
public class ElementRenderEntity extends Element<Fragment>
                                                 ^
  symbol: class Fragment
/app/src/main/java/me/ichun/mods/morph/client/gui/window/element/ElementRenderEntity.java:19: error: cannot find symbol
    private static final MatrixStack LIGHT_STACK = Util.make(new MatrixStack(), stack -> stack.translate(1D, -1D, 0D));
                         ^
  symbol:   class MatrixStack
  location: class ElementRenderEntity
/app/src/main/java/me/ichun/mods/morph/client/gui/window/element/ElementRenderEntity.java:22: error: cannot find symbol
    public LivingEntity entToRender;
           ^
  symbol:   class LivingEntity
  location: class ElementRenderEntity
/app/src/main/java/me/ichun/mods/morph/client/gui/window/element/ElementRenderEntity.java:26: error: cannot find symbol
    public ElementRenderEntity(@Nonnull Fragment parent)
                                        ^
  symbol:   class Fragment
  location: class ElementRenderEntity
/app/src/main/java/me/ichun/mods/morph/client/gui/window/element/ElementRenderEntity.java:32: error: cannot find symbol
    public ElementRenderEntity(@Nonnull Fragment parent, float scale)
                                        ^
  symbol:   class Fragment
  location: class ElementRenderEntity
/app/src/main/java/me/ichun/mods/morph/client/gui/window/element/ElementRenderEntity.java:38: error: cannot find symbol
    public ElementRenderEntity setEntityToRender(LivingEntity ent)
                                                 ^
  symbol:   class LivingEntity
  location: class ElementRenderEntity
/app/src/main/java/me/ichun/mods/morph/client/gui/window/element/ElementRenderEntity.java:45: error: cannot find symbol
    public void render(MatrixStack stack, int mouseX, int mouseY, float partialTick)
                       ^
  symbol:   class MatrixStack
  location: class ElementRenderEntity
/app/src/main/java/me/ichun/mods/morph/client/gui/mob/WorkspaceMobData.java:3: error: package com.mojang.blaze3d.matrix does not exist
import com.mojang.blaze3d.matrix.MatrixStack;
                                ^
/app/src/main/java/me/ichun/mods/morph/client/gui/mob/WorkspaceMobData.java:6: error: package me.ichun.mods.ichunutil.client.gui.bns.window.constraint does not exist
import me.ichun.mods.ichunutil.client.gui.bns.window.constraint.Constraint;
                                                               ^
/app/src/main/java/me/ichun/mods/morph/client/gui/mob/WorkspaceMobData.java:9: error: package net.minecraft.client.gui.screen does not exist
import net.minecraft.client.gui.screen.Screen;
                                      ^
/app/src/main/java/me/ichun/mods/morph/client/gui/mob/WorkspaceMobData.java:10: error: package net.minecraft.util.text does not exist
import net.minecraft.util.text.TranslationTextComponent;
                              ^
/app/src/main/java/me/ichun/mods/morph/client/gui/mob/window/WindowMobData.java:6: error: cannot find symbol
import me.ichun.mods.ichunutil.client.gui.bns.window.WindowPopup;
                                                    ^
  symbol:   class WindowPopup
  location: package me.ichun.mods.ichunutil.client.gui.bns.window
/app/src/main/java/me/ichun/mods/morph/client/gui/mob/window/WindowMobData.java:7: error: package me.ichun.mods.ichunutil.client.gui.bns.window.constraint does not exist
import me.ichun.mods.ichunutil.client.gui.bns.window.constraint.Constraint;
                                                               ^
/app/src/main/java/me/ichun/mods/morph/client/gui/mob/window/WindowMobData.java:13: error: package me.ichun.mods.morph.api.mob does not exist
import me.ichun.mods.morph.api.mob.MobData;
                                  ^
/app/src/main/java/me/ichun/mods/morph/client/gui/mob/window/WindowMobData.java:14: error: package me.ichun.mods.morph.api.mob.trait does not exist
import me.ichun.mods.morph.api.mob.trait.Trait;
                                        ^
/app/src/main/java/me/ichun/mods/morph/client/gui/mob/window/WindowMobData.java:15: error: package me.ichun.mods.morph.api.morph does not exist
import me.ichun.mods.morph.api.morph.MorphVariant;
                                    ^
/app/src/main/java/me/ichun/mods/morph/client/gui/mob/window/WindowMobData.java:22: error: package net.minecraft.client.gui.screen does not exist
import net.minecraft.client.gui.screen.Screen;
                                      ^
/app/src/main/java/me/ichun/mods/morph/client/gui/mob/window/WindowMobData.java:23: error: cannot find symbol
import net.minecraft.client.resources.I18n;
                                     ^
  symbol:   class I18n
  location: package net.minecraft.client.resources
/app/src/main/java/me/ichun/mods/morph/client/gui/mob/window/WindowMobData.java:24: error: package net.minecraft.entity does not exist
import net.minecraft.entity.EntityType;
                           ^
/app/src/main/java/me/ichun/mods/morph/client/gui/mob/window/WindowMobData.java:25: error: package net.minecraft.entity.player does not exist
import net.minecraft.entity.player.PlayerEntity;
                                  ^
/app/src/main/java/me/ichun/mods/morph/client/gui/mob/window/WindowMobData.java:26: error: cannot find symbol
import net.minecraft.util.ResourceLocation;
                         ^
  symbol:   class ResourceLocation
  location: package net.minecraft.util
/app/src/main/java/me/ichun/mods/morph/client/gui/mob/window/WindowMobData.java:27: error: cannot find symbol
import net.minecraft.util.Util;
                         ^
  symbol:   class Util
  location: package net.minecraft.util
/app/src/main/java/me/ichun/mods/morph/client/gui/mob/window/WindowMobData.java:28: error: package net.minecraft.util.text does not exist
import net.minecraft.util.text.StringTextComponent;
                              ^
/app/src/main/java/me/ichun/mods/morph/client/gui/mob/window/WindowMobData.java:29: error: package net.minecraft.util.text does not exist
import net.minecraft.util.text.TextFormatting;
                              ^
/app/src/main/java/me/ichun/mods/morph/client/gui/mob/window/WindowMobData.java:41: error: wrong number of type arguments; required 2
public class WindowMobData extends Window<WorkspaceMobData>
                                         ^
/app/src/main/java/me/ichun/mods/morph/client/gui/mob/WorkspaceMobData.java:18: error: cannot find symbol
    public WorkspaceMobData(Screen lastScreen)
                            ^
  symbol:   class Screen
  location: class WorkspaceMobData
/app/src/main/java/me/ichun/mods/morph/client/gui/mob/WorkspaceMobData.java:35: error: cannot find symbol
    public void renderBackground(MatrixStack stack)
                                 ^
  symbol:   class MatrixStack
  location: class WorkspaceMobData
/app/src/main/java/me/ichun/mods/morph/client/gui/mob/window/WindowMobData.java:71: error: cannot find symbol
        public MobData selectedMobData;
               ^
  symbol:   class MobData
  location: class ViewMobData
/app/src/main/java/me/ichun/mods/morph/client/gui/mob/window/WindowMobData.java:312: error: cannot find symbol
        public void updateTraitInfoList(Trait<?> trait)
                                        ^
  symbol:   class Trait
  location: class ViewMobData
/app/src/main/java/me/ichun/mods/morph/client/gui/mob/window/WindowMobData.java:415: error: cannot find symbol
        public void updateItemName(ElementList.Item<Field> item, Trait<?> trait, Field f)
                                                                 ^
  symbol:   class Trait
  location: class ViewMobData
/app/src/main/java/me/ichun/mods/morph/client/gui/mob/window/WindowAddTrait.java:6: error: package me.ichun.mods.ichunutil.client.gui.bns.window.constraint does not exist
import me.ichun.mods.ichunutil.client.gui.bns.window.constraint.Constraint;
                                                               ^
/app/src/main/java/me/ichun/mods/morph/client/gui/mob/window/WindowAddTrait.java:9: error: package me.ichun.mods.morph.api.mob.trait does not exist
import me.ichun.mods.morph.api.mob.trait.Trait;
                                        ^
/app/src/main/java/me/ichun/mods/morph/client/gui/mob/window/WindowAddTrait.java:12: error: cannot find symbol
import net.minecraft.client.resources.I18n;
                                     ^
  symbol:   class I18n
  location: package net.minecraft.client.resources
/app/src/main/java/me/ichun/mods/morph/client/gui/mob/window/WindowAddTrait.java:20: error: wrong number of type arguments; required 2
public class WindowAddTrait extends Window<Workspace>
                                          ^
/app/src/main/java/me/ichun/mods/morph/client/gui/mob/window/WindowAddTrait.java:22: error: cannot find symbol
    public WindowAddTrait(Workspace parent, Consumer<Trait<?>> callback)
                                                     ^
  symbol:   class Trait
  location: class WindowAddTrait
/app/src/main/java/me/ichun/mods/morph/client/gui/mob/window/WindowAddTrait.java:32: error: cannot find symbol
        public final Consumer<Trait<?>> callback;
                              ^
  symbol:   class Trait
  location: class ViewAddTrait
/app/src/main/java/me/ichun/mods/morph/client/gui/mob/window/WindowAddTrait.java:36: error: cannot find symbol
        public ViewAddTrait(@Nonnull WindowAddTrait parent, Consumer<Trait<?>> callback)
                                                                     ^
  symbol:   class Trait
  location: class ViewAddTrait
/app/src/main/java/me/ichun/mods/morph/client/gui/mob/window/WindowAddTrait.java:140: error: cannot find symbol
        public void returnTraitInstance(Trait<?> obj)
                                        ^
  symbol:   class Trait
  location: class ViewAddTrait
/app/src/main/java/me/ichun/mods/morph/client/gui/mob/window/WindowEditString.java:5: error: package me.ichun.mods.ichunutil.client.gui.bns.window.constraint does not exist
import me.ichun.mods.ichunutil.client.gui.bns.window.constraint.Constraint;
                                                               ^
/app/src/main/java/me/ichun/mods/morph/client/gui/mob/window/WindowEditString.java:9: error: cannot find symbol
import net.minecraft.client.resources.I18n;
                                     ^
  symbol:   class I18n
  location: package net.minecraft.client.resources
/app/src/main/java/me/ichun/mods/morph/client/gui/mob/window/WindowEditString.java:14: error: wrong number of type arguments; required 2
public class WindowEditString extends Window<Workspace>
                                            ^
/app/src/main/java/me/ichun/mods/morph/client/gui/mob/window/WindowEditNumber.java:5: error: package me.ichun.mods.ichunutil.client.gui.bns.window.constraint does not exist
import me.ichun.mods.ichunutil.client.gui.bns.window.constraint.Constraint;
                                                               ^
/app/src/main/java/me/ichun/mods/morph/client/gui/mob/window/WindowEditNumber.java:10: error: package me.ichun.mods.morph.api.mob.trait does not exist
import me.ichun.mods.morph.api.mob.trait.Trait;
                                        ^
/app/src/main/java/me/ichun/mods/morph/client/gui/mob/window/WindowEditNumber.java:11: error: cannot find symbol
import net.minecraft.client.resources.I18n;
                                     ^
  symbol:   class I18n
  location: package net.minecraft.client.resources
/app/src/main/java/me/ichun/mods/morph/client/gui/mob/window/WindowEditNumber.java:17: error: wrong number of type arguments; required 2
public class WindowEditNumber extends Window<Workspace>
                                            ^
/app/src/main/java/me/ichun/mods/morph/client/gui/mob/window/WindowEditNumber.java:19: error: cannot find symbol
    public WindowEditNumber(Workspace parent, String title, Consumer<String> callback, Trait<?> trait, Field f)
                                                                                       ^
  symbol:   class Trait
  location: class WindowEditNumber
/app/src/main/java/me/ichun/mods/morph/client/gui/mob/window/WindowEditNumber.java:35: error: cannot find symbol
        public ViewEditString(@Nonnull WindowEditNumber parent, String title, Consumer<String> callback, Trait<?> trait, Field f)
                                                                                                         ^
  symbol:   class Trait
  location: class ViewEditString
/app/src/main/java/me/ichun/mods/morph/client/gui/mob/window/WindowEditNumber.java:99: error: cannot find symbol
        public void submit(Trait<?> trait, Field f)
                           ^
  symbol:   class Trait
  location: class ViewEditString
/app/src/main/java/me/ichun/mods/morph/client/gui/nbt/window/WindowNbt.java:5: error: cannot find symbol
import me.ichun.mods.ichunutil.client.gui.bns.window.WindowPopup;
                                                    ^
  symbol:   class WindowPopup
  location: package me.ichun.mods.ichunutil.client.gui.bns.window
/app/src/main/java/me/ichun/mods/morph/client/gui/nbt/window/WindowNbt.java:6: error: package me.ichun.mods.ichunutil.client.gui.bns.window.constraint does not exist
import me.ichun.mods.ichunutil.client.gui.bns.window.constraint.Constraint;
                                                               ^
/app/src/main/java/me/ichun/mods/morph/client/gui/nbt/window/WindowNbt.java:9: error: package me.ichun.mods.morph.api.mob.nbt does not exist
import me.ichun.mods.morph.api.mob.nbt.NbtModifier;
                                      ^
/app/src/main/java/me/ichun/mods/morph/client/gui/nbt/window/WindowNbt.java:10: error: package me.ichun.mods.morph.api.morph does not exist
import me.ichun.mods.morph.api.morph.MorphVariant;
                                    ^
/app/src/main/java/me/ichun/mods/morph/client/gui/nbt/window/WindowNbt.java:19: error: package net.minecraft.client.gui.screen does not exist
import net.minecraft.client.gui.screen.Screen;
                                      ^
/app/src/main/java/me/ichun/mods/morph/client/gui/nbt/window/WindowNbt.java:20: error: cannot find symbol
import net.minecraft.client.resources.I18n;
                                     ^
  symbol:   class I18n
  location: package net.minecraft.client.resources
/app/src/main/java/me/ichun/mods/morph/client/gui/nbt/window/WindowNbt.java:21: error: package net.minecraft.entity does not exist
import net.minecraft.entity.Entity;
                           ^
/app/src/main/java/me/ichun/mods/morph/client/gui/nbt/window/WindowNbt.java:22: error: package net.minecraft.entity does not exist
import net.minecraft.entity.EntityType;
                           ^
/app/src/main/java/me/ichun/mods/morph/client/gui/nbt/window/WindowNbt.java:23: error: package net.minecraft.entity does not exist
import net.minecraft.entity.LivingEntity;
                           ^
/app/src/main/java/me/ichun/mods/morph/client/gui/nbt/window/WindowNbt.java:24: error: package net.minecraft.entity.player does not exist
import net.minecraft.entity.player.PlayerEntity;
                                  ^
/app/src/main/java/me/ichun/mods/morph/client/gui/nbt/window/WindowNbt.java:25: error: cannot find symbol
import net.minecraft.nbt.CompoundNBT;
                        ^
  symbol:   class CompoundNBT
  location: package net.minecraft.nbt
/app/src/main/java/me/ichun/mods/morph/client/gui/nbt/window/WindowNbt.java:26: error: cannot find symbol
import net.minecraft.nbt.INBT;
                        ^
  symbol:   class INBT
  location: package net.minecraft.nbt
/app/src/main/java/me/ichun/mods/morph/client/gui/nbt/window/WindowNbt.java:27: error: cannot find symbol
import net.minecraft.util.ResourceLocation;
                         ^
  symbol:   class ResourceLocation
  location: package net.minecraft.util
/app/src/main/java/me/ichun/mods/morph/client/gui/nbt/window/WindowNbt.java:28: error: cannot find symbol
import net.minecraft.util.Util;
                         ^
  symbol:   class Util
  location: package net.minecraft.util
/app/src/main/java/me/ichun/mods/morph/client/gui/nbt/window/WindowNbt.java:29: error: package net.minecraft.util.text does not exist
import net.minecraft.util.text.StringTextComponent;
                              ^
/app/src/main/java/me/ichun/mods/morph/client/gui/nbt/WorkspaceNbt.java:3: error: package com.mojang.blaze3d.matrix does not exist
import com.mojang.blaze3d.matrix.MatrixStack;
                                ^
/app/src/main/java/me/ichun/mods/morph/client/gui/nbt/WorkspaceNbt.java:6: error: package me.ichun.mods.ichunutil.client.gui.bns.window.constraint does not exist
import me.ichun.mods.ichunutil.client.gui.bns.window.constraint.Constraint;
                                                               ^
/app/src/main/java/me/ichun/mods/morph/client/gui/nbt/WorkspaceNbt.java:9: error: package net.minecraft.client.gui.screen does not exist
import net.minecraft.client.gui.screen.Screen;
                                      ^
/app/src/main/java/me/ichun/mods/morph/client/gui/nbt/WorkspaceNbt.java:10: error: package net.minecraft.entity does not exist
import net.minecraft.entity.LivingEntity;
                           ^
/app/src/main/java/me/ichun/mods/morph/client/gui/nbt/WorkspaceNbt.java:11: error: package net.minecraft.util.text does not exist
import net.minecraft.util.text.TranslationTextComponent;
                              ^
/app/src/main/java/me/ichun/mods/morph/client/gui/nbt/window/WindowNbt.java:39: error: wrong number of type arguments; required 2
public class WindowNbt extends Window<WorkspaceNbt>
                                     ^
/app/src/main/java/me/ichun/mods/morph/client/gui/nbt/window/WindowNbt.java:64: error: cannot find symbol
        public NbtModifier parentModifier;
               ^
  symbol:   class NbtModifier
  location: class ViewNbt
/app/src/main/java/me/ichun/mods/morph/client/gui/nbt/window/WindowNbt.java:65: error: cannot find symbol
        public NbtModifier targetModifier;
               ^
  symbol:   class NbtModifier
  location: class ViewNbt
/app/src/main/java/me/ichun/mods/morph/client/gui/nbt/window/WindowNbt.java:67: error: cannot find symbol
        public CompoundNBT targetTag;
               ^
  symbol:   class CompoundNBT
  location: class ViewNbt
/app/src/main/java/me/ichun/mods/morph/client/gui/nbt/window/WindowNbt.java:274: error: cannot find symbol
        public void addModifierKeys(NbtModifier modifier, ElementList elementList)
                                    ^
  symbol:   class NbtModifier
  location: class ViewNbt
/app/src/main/java/me/ichun/mods/morph/client/gui/nbt/window/WindowNbt.java:305: error: package NbtModifier does not exist
        public void addModifierInfo(LinkedHashMap<String, ArrayList<NbtModifier.Modifier>> modifiers, CompoundNBT tag, ElementList<?> list, ModifierInfo parentInfo, int depth)
                                                                               ^
/app/src/main/java/me/ichun/mods/morph/client/gui/nbt/window/WindowNbt.java:305: error: cannot find symbol
        public void addModifierInfo(LinkedHashMap<String, ArrayList<NbtModifier.Modifier>> modifiers, CompoundNBT tag, ElementList<?> list, ModifierInfo parentInfo, int depth)
                                                                                                      ^
  symbol:   class CompoundNBT
  location: class ViewNbt
/app/src/main/java/me/ichun/mods/morph/client/gui/nbt/window/WindowNbt.java:460: error: cannot find symbol
        public LivingEntity compileAndApply()
               ^
  symbol:   class LivingEntity
  location: class ViewNbt
/app/src/main/java/me/ichun/mods/morph/client/gui/nbt/window/WindowNbt.java:483: error: cannot find symbol
        public NbtModifier compileModifier()
               ^
  symbol:   class NbtModifier
  location: class ViewNbt
/app/src/main/java/me/ichun/mods/morph/client/gui/nbt/window/WindowNbt.java:596: error: package NbtModifier does not exist
        private void combineChildMods(ArrayList<NbtModifier.Modifier> mods)
                                                           ^
/app/src/main/java/me/ichun/mods/morph/client/gui/nbt/window/WindowNbt.java:697: error: cannot find symbol
            public INBT inbt;
                   ^
  symbol:   class INBT
  location: class ModifierInfo
/app/src/main/java/me/ichun/mods/morph/client/gui/nbt/window/WindowNbt.java:701: error: cannot find symbol
            public ModifierInfo(ModifierInfo parent, String key, INBT inbt, Info info)
                                                                 ^
  symbol:   class INBT
  location: class ModifierInfo
/app/src/main/java/me/ichun/mods/morph/client/gui/nbt/window/WindowNbt.java:721: error: package NbtModifier does not exist
                public NbtModifier.Modifier modifier;
                                  ^
/app/src/main/java/me/ichun/mods/morph/client/gui/nbt/window/WindowNbt.java:724: error: package NbtModifier does not exist
                public Info(@Nullable String requiredMod, @Nullable NbtModifier.Modifier modifier, boolean handledElsewhere)
                                                                               ^
/app/src/main/java/me/ichun/mods/morph/client/gui/nbt/WorkspaceNbt.java:17: error: cannot find symbol
    public final LivingEntity target;
                 ^
  symbol:   class LivingEntity
  location: class WorkspaceNbt
/app/src/main/java/me/ichun/mods/morph/client/gui/nbt/WorkspaceNbt.java:20: error: cannot find symbol
    public WorkspaceNbt(Screen lastScreen, LivingEntity target)
                        ^
  symbol:   class Screen
  location: class WorkspaceNbt
/app/src/main/java/me/ichun/mods/morph/client/gui/nbt/WorkspaceNbt.java:20: error: cannot find symbol
    public WorkspaceNbt(Screen lastScreen, LivingEntity target)
                                           ^
  symbol:   class LivingEntity
  location: class WorkspaceNbt
/app/src/main/java/me/ichun/mods/morph/client/gui/nbt/WorkspaceNbt.java:39: error: cannot find symbol
    public void renderBackground(MatrixStack stack)
                                 ^
  symbol:   class MatrixStack
  location: class WorkspaceNbt
/app/src/main/java/me/ichun/mods/morph/client/gui/biomass/window/WindowBiomassUpgrades.java:4: error: package me.ichun.mods.ichunutil.client.gui.bns.window.constraint does not exist
import me.ichun.mods.ichunutil.client.gui.bns.window.constraint.Constraint;
                                                               ^
/app/src/main/java/me/ichun/mods/morph/client/gui/biomass/WorkspaceMorph.java:3: error: package com.mojang.blaze3d.matrix does not exist
import com.mojang.blaze3d.matrix.MatrixStack;
                                ^
/app/src/main/java/me/ichun/mods/morph/client/gui/biomass/WorkspaceMorph.java:6: error: package me.ichun.mods.ichunutil.client.gui.bns.window.constraint does not exist
import me.ichun.mods.ichunutil.client.gui.bns.window.constraint.Constraint;
                                                               ^
/app/src/main/java/me/ichun/mods/morph/client/gui/biomass/WorkspaceMorph.java:14: error: package net.minecraft.client.gui.screen does not exist
import net.minecraft.client.gui.screen.Screen;
                                      ^
/app/src/main/java/me/ichun/mods/morph/client/gui/biomass/WorkspaceMorph.java:15: error: package net.minecraft.util.text does not exist
import net.minecraft.util.text.TranslationTextComponent;
                              ^
/app/src/main/java/me/ichun/mods/morph/client/gui/biomass/window/WindowBiomassUpgrades.java:12: error: wrong number of type arguments; required 2
public class WindowBiomassUpgrades extends Window<WorkspaceMorph>
                                                 ^
/app/src/main/java/me/ichun/mods/morph/client/gui/biomass/window/WindowHeader.java:3: error: package com.mojang.blaze3d.matrix does not exist
import com.mojang.blaze3d.matrix.MatrixStack;
                                ^
/app/src/main/java/me/ichun/mods/morph/client/gui/biomass/window/WindowHeader.java:5: error: package me.ichun.mods.ichunutil.client.gui.bns.window.constraint does not exist
import me.ichun.mods.ichunutil.client.gui.bns.window.constraint.Constraint;
                                                               ^
/app/src/main/java/me/ichun/mods/morph/client/gui/biomass/window/WindowHeader.java:13: error: cannot find symbol
import net.minecraft.client.resources.I18n;
                                     ^
  symbol:   class I18n
  location: package net.minecraft.client.resources
/app/src/main/java/me/ichun/mods/morph/client/gui/biomass/window/WindowHeader.java:17: error: wrong number of type arguments; required 2
public class WindowHeader extends Window<WorkspaceMorph>
                                        ^
/app/src/main/java/me/ichun/mods/morph/client/gui/biomass/window/WindowSidebar.java:4: error: package me.ichun.mods.ichunutil.client.gui.bns.window.constraint does not exist
import me.ichun.mods.ichunutil.client.gui.bns.window.constraint.Constraint;
                                                               ^
/app/src/main/java/me/ichun/mods/morph/client/gui/biomass/window/WindowSidebar.java:16: error: wrong number of type arguments; required 2
public class WindowSidebar extends Window<WorkspaceMorph>
                                         ^
/app/src/main/java/me/ichun/mods/morph/client/gui/biomass/WorkspaceMorph.java:34: error: cannot find symbol
    public WorkspaceMorph(Screen lastScreen)
                          ^
  symbol:   class Screen
  location: class WorkspaceMorph
/app/src/main/java/me/ichun/mods/morph/client/gui/biomass/WorkspaceMorph.java:76: error: cannot find symbol
    public void renderBackground(MatrixStack stack)
                                 ^
  symbol:   class MatrixStack
  location: class WorkspaceMorph
/app/src/main/java/me/ichun/mods/morph/client/gui/biomass/window/element/ElementBiomassUpgrades.java:3: error: package com.mojang.blaze3d.matrix does not exist
import com.mojang.blaze3d.matrix.MatrixStack;
                                ^
/app/src/main/java/me/ichun/mods/morph/client/gui/biomass/window/element/ElementBiomassUpgrades.java:5: error: cannot find symbol
import me.ichun.mods.ichunutil.client.gui.bns.window.Fragment;
                                                    ^
  symbol:   class Fragment
  location: package me.ichun.mods.ichunutil.client.gui.bns.window
/app/src/main/java/me/ichun/mods/morph/client/gui/biomass/window/element/ElementBiomassUpgrades.java:9: error: package me.ichun.mods.morph.api.biomass does not exist
import me.ichun.mods.morph.api.biomass.BiomassUpgrade;
                                      ^
/app/src/main/java/me/ichun/mods/morph/client/gui/biomass/window/element/ElementBiomassUpgrades.java:10: error: package me.ichun.mods.morph.api.biomass does not exist
import me.ichun.mods.morph.api.biomass.BiomassUpgradeInfo;
                                      ^
/app/src/main/java/me/ichun/mods/morph/client/gui/biomass/window/element/ElementBiomassUpgrades.java:117: error: cannot find symbol
    public void render(MatrixStack stack, int mouseX, int mouseY, float partialTick) //TODO play upgrade sound?
                       ^
  symbol:   class MatrixStack
  location: class ElementBiomassUpgrades
/app/src/main/java/me/ichun/mods/morph/client/gui/biomass/window/element/ElementUpgradeNode.java:3: error: package com.mojang.blaze3d.matrix does not exist
import com.mojang.blaze3d.matrix.MatrixStack;
                                ^
/app/src/main/java/me/ichun/mods/morph/client/gui/biomass/window/element/ElementUpgradeNode.java:4: error: cannot find symbol
import com.mojang.blaze3d.vertex.IVertexBuilder;
                                ^
  symbol:   class IVertexBuilder
  location: package com.mojang.blaze3d.vertex
/app/src/main/java/me/ichun/mods/morph/client/gui/biomass/window/element/ElementUpgradeNode.java:7: error: package me.ichun.mods.ichunutil.common.entity.util does not exist
import me.ichun.mods.ichunutil.common.entity.util.EntityHelper;
                                                 ^
/app/src/main/java/me/ichun/mods/morph/client/gui/biomass/window/element/ElementUpgradeNode.java:8: error: package me.ichun.mods.morph.api.biomass does not exist
import me.ichun.mods.morph.api.biomass.BiomassUpgrade;
                                      ^
/app/src/main/java/me/ichun/mods/morph/client/gui/biomass/window/element/ElementUpgradeNode.java:9: error: package me.ichun.mods.morph.api.biomass does not exist
import me.ichun.mods.morph.api.biomass.BiomassUpgradeInfo;
                                      ^
/app/src/main/java/me/ichun/mods/morph/client/gui/biomass/window/element/ElementUpgradeNode.java:11: error: cannot find symbol
import net.minecraft.client.renderer.IRenderTypeBuffer;
                                    ^
  symbol:   class IRenderTypeBuffer
  location: package net.minecraft.client.renderer
/app/src/main/java/me/ichun/mods/morph/client/gui/biomass/window/element/ElementUpgradeNode.java:12: error: cannot find symbol
import net.minecraft.client.renderer.RenderState;
                                    ^
  symbol:   class RenderState
  location: package net.minecraft.client.renderer
/app/src/main/java/me/ichun/mods/morph/client/gui/biomass/window/element/ElementUpgradeNode.java:14: error: package net.minecraft.client.renderer.vertex does not exist
import net.minecraft.client.renderer.vertex.DefaultVertexFormats;
                                           ^
/app/src/main/java/me/ichun/mods/morph/client/gui/biomass/window/element/ElementUpgradeNode.java:15: error: package net.minecraft.util.math does not exist
import net.minecraft.util.math.MathHelper;
                              ^
/app/src/main/java/me/ichun/mods/morph/client/gui/biomass/window/element/ElementUpgradeNode.java:16: error: package net.minecraft.util.math.vector does not exist
import net.minecraft.util.math.vector.Matrix4f;
                                     ^
/app/src/main/java/me/ichun/mods/morph/client/gui/biomass/window/element/ElementUpgradeNode.java:17: error: package net.minecraft.util.math.vector does not exist
import net.minecraft.util.math.vector.Vector3d;
                                     ^
/app/src/main/java/me/ichun/mods/morph/client/gui/biomass/window/element/ElementUpgradeNode.java:44: error: cannot find symbol
    public BiomassUpgradeInfo upgradeInfo;
           ^
  symbol:   class BiomassUpgradeInfo
  location: class ElementUpgradeNode
/app/src/main/java/me/ichun/mods/morph/client/gui/biomass/window/element/ElementUpgradeNode.java:47: error: cannot find symbol
    public BiomassUpgrade actualUpgrade;
           ^
  symbol:   class BiomassUpgrade
  location: class ElementUpgradeNode
/app/src/main/java/me/ichun/mods/morph/client/gui/biomass/window/element/ElementUpgradeNode.java:49: error: cannot find symbol
    public ElementUpgradeNode(@Nonnull ElementBiomassUpgrades parent, BiomassUpgradeInfo upgradeInfo, BiomassUpgrade actualUpgrade, Consumer<ElementUpgradeNode> callback)
                                                                      ^
  symbol:   class BiomassUpgradeInfo
  location: class ElementUpgradeNode
/app/src/main/java/me/ichun/mods/morph/client/gui/biomass/window/element/ElementUpgradeNode.java:49: error: cannot find symbol
    public ElementUpgradeNode(@Nonnull ElementBiomassUpgrades parent, BiomassUpgradeInfo upgradeInfo, BiomassUpgrade actualUpgrade, Consumer<ElementUpgradeNode> callback)
                                                                                                      ^
  symbol:   class BiomassUpgrade
  location: class ElementUpgradeNode
/app/src/main/java/me/ichun/mods/morph/client/gui/biomass/window/element/ElementUpgradeNode.java:156: error: cannot find symbol
    public Vector3d getAsVector()
           ^
  symbol:   class Vector3d
  location: class ElementUpgradeNode
/app/src/main/java/me/ichun/mods/morph/client/gui/biomass/window/element/ElementUpgradeNode.java:161: error: cannot find symbol
    public void renderLines(MatrixStack stack, float partialTick)
                            ^
  symbol:   class MatrixStack
  location: class ElementUpgradeNode
/app/src/main/java/me/ichun/mods/morph/client/gui/biomass/window/element/ElementUpgradeNode.java:183: error: cannot find symbol
    public void render(MatrixStack stack, int mouseX, int mouseY, float partialTick)
                       ^
  symbol:   class MatrixStack
  location: class ElementUpgradeNode
/app/src/main/java/me/ichun/mods/morph/client/gui/biomass/window/element/ElementRipple.java:3: error: package com.mojang.blaze3d.matrix does not exist
import com.mojang.blaze3d.matrix.MatrixStack;
                                ^
/app/src/main/java/me/ichun/mods/morph/client/gui/biomass/window/element/ElementRipple.java:4: error: cannot find symbol
import com.mojang.blaze3d.vertex.IVertexBuilder;
                                ^
  symbol:   class IVertexBuilder
  location: package com.mojang.blaze3d.vertex
/app/src/main/java/me/ichun/mods/morph/client/gui/biomass/window/element/ElementRipple.java:6: error: package me.ichun.mods.ichunutil.common.entity.util does not exist
import me.ichun.mods.ichunutil.common.entity.util.EntityHelper;
                                                 ^
/app/src/main/java/me/ichun/mods/morph/client/gui/biomass/window/element/ElementRipple.java:9: error: cannot find symbol
import net.minecraft.client.renderer.IRenderTypeBuffer;
                                    ^
  symbol:   class IRenderTypeBuffer
  location: package net.minecraft.client.renderer
/app/src/main/java/me/ichun/mods/morph/client/gui/biomass/window/element/ElementRipple.java:10: error: cannot find symbol
import net.minecraft.client.renderer.RenderState;
                                    ^
  symbol:   class RenderState
  location: package net.minecraft.client.renderer
/app/src/main/java/me/ichun/mods/morph/client/gui/biomass/window/element/ElementRipple.java:12: error: package net.minecraft.client.renderer.vertex does not exist
import net.minecraft.client.renderer.vertex.DefaultVertexFormats;
                                           ^
/app/src/main/java/me/ichun/mods/morph/client/gui/biomass/window/element/ElementRipple.java:13: error: package net.minecraft.client.settings does not exist
import net.minecraft.client.settings.GraphicsFanciness;
                                    ^
/app/src/main/java/me/ichun/mods/morph/client/gui/biomass/window/element/ElementRipple.java:14: error: package net.minecraft.util.math does not exist
import net.minecraft.util.math.MathHelper;
                              ^
/app/src/main/java/me/ichun/mods/morph/client/gui/biomass/window/element/ElementRipple.java:15: error: package net.minecraft.util.math.vector does not exist
import net.minecraft.util.math.vector.Matrix4f;
                                     ^
/app/src/main/java/me/ichun/mods/morph/client/gui/biomass/window/element/ElementRipple.java:16: error: package net.minecraft.util.math.vector does not exist
import net.minecraft.util.math.vector.Vector3d;
                                     ^
/app/src/main/java/me/ichun/mods/morph/client/gui/biomass/window/element/ElementRipple.java:40: error: cannot find symbol
    public void render(MatrixStack stack, int mouseX, int mouseY, float partialTick)
                       ^
  symbol:   class MatrixStack
  location: class ElementRipple
/app/src/main/java/me/ichun/mods/morph/client/gui/biomass/window/element/ElementRipple.java:88: error: cannot find symbol
    public Vector3d getAsVector()
           ^
  symbol:   class Vector3d
  location: class ElementRipple
/app/src/main/java/me/ichun/mods/morph/client/gui/biomass/window/element/ElementBiomassBar.java:3: error: package com.mojang.blaze3d.matrix does not exist
import com.mojang.blaze3d.matrix.MatrixStack;
                                ^
/app/src/main/java/me/ichun/mods/morph/client/gui/biomass/window/element/ElementBiomassBar.java:19: error: cannot find symbol
    public void render(MatrixStack stack, int mouseX, int mouseY, float partialTick)
                       ^
  symbol:   class MatrixStack
  location: class ElementBiomassBar
/app/src/main/java/me/ichun/mods/morph/client/gui/biomass/window/WindowHeader.java:55: error: cannot find symbol
        public void render(MatrixStack stack, int mouseX, int mouseY, float partialTick)
                           ^
  symbol:   class MatrixStack
  location: class ViewHeader
/app/src/main/java/me/ichun/mods/morph/client/gui/biomass/scene/SceneBiomassUpgrades.java:3: error: package me.ichun.mods.ichunutil.client.gui.bns.window.constraint does not exist
import me.ichun.mods.ichunutil.client.gui.bns.window.constraint.Constraint;
                                                               ^
/app/src/main/java/me/ichun/mods/morph/mixin/LlamaEntityInvokerMixin.java:8: error: cannot find symbol
@Mixin(LlamaEntity.class)
       ^
  symbol: class LlamaEntity
/app/src/main/java/me/ichun/mods/morph/mixin/EntityMixin.java:15: error: cannot find symbol
@Mixin(Entity.class)
       ^
  symbol: class Entity
/app/src/main/java/me/ichun/mods/morph/mixin/PlayerRendererMixin.java:14: error: cannot find symbol
@Mixin(PlayerRenderer.class)
       ^
  symbol: class PlayerRenderer
/app/src/main/java/me/ichun/mods/morph/mixin/EntityInvokerMixin.java:9: error: cannot find symbol
@Mixin(Entity.class)
       ^
  symbol: class Entity
/app/src/main/java/me/ichun/mods/morph/mixin/ForgeIngameGuiMixin.java:11: error: cannot find symbol
@Mixin(ForgeIngameGui.class) //I'm sorry Forge!!
       ^
  symbol: class ForgeIngameGui
/app/src/main/java/me/ichun/mods/morph/mixin/PlayerEntityMixin.java:15: error: cannot find symbol
@Mixin(PlayerEntity.class)
       ^
  symbol: class PlayerEntity
/app/src/main/java/me/ichun/mods/morph/mixin/AbstractHorseEntityInvokerMixin.java:9: error: cannot find symbol
@Mixin(AbstractHorseEntity.class)
       ^
  symbol: class AbstractHorseEntity
/app/src/main/java/me/ichun/mods/morph/mixin/ModelRendererMixin.java:12: error: cannot find symbol
@Mixin(ModelRenderer.class)
       ^
  symbol: class ModelRenderer
/app/src/main/java/me/ichun/mods/morph/mixin/LivingEntityInvokerMixin.java:10: error: cannot find symbol
@Mixin(LivingEntity.class)
       ^
  symbol: class LivingEntity
/app/src/main/java/me/ichun/mods/morph/mixin/LivingEntityMixin.java:14: error: cannot find symbol
@Mixin(LivingEntity.class)
       ^
  symbol: class LivingEntity
/app/src/main/java/me/ichun/mods/morph/common/resource/ResourceHandler.java:26: error: cannot find symbol
            .registerTypeAdapter(Trait.class, new TraitHandler.TraitDeserialiser())
                                 ^
  symbol:   class Trait
  location: class ResourceHandler
/app/src/main/java/me/ichun/mods/morph/common/morph/MorphInfoImpl.java:49: error: method does not override or implement a method from a supertype
    @Override
    ^
/app/src/main/java/me/ichun/mods/morph/common/morph/MorphInfoImpl.java:52: error: cannot find symbol
        if(!isMorphed())
            ^
  symbol:   method isMorphed()
  location: class MorphInfoImpl
/app/src/main/java/me/ichun/mods/morph/common/morph/MorphInfoImpl.java:57: error: cannot find symbol
        float transitionProgress = getTransitionProgressLinear(1F);
                                   ^
  symbol:   method getTransitionProgressLinear(float)
  location: class MorphInfoImpl
Note: Some input files use or override a deprecated API.
Note: Recompile with -Xlint:deprecation for details.
Note: Some input files use unchecked or unsafe operations.
Note: Recompile with -Xlint:unchecked for details.
Note: Some messages have been simplified; recompile with -Xdiags:verbose to get full output
1000 errors
only showing the first 1000 errors, of 2866 total; use -Xmaxerrs if you would like to see more

> Task :compileJava FAILED

FAILURE: Build failed with an exception.

* What went wrong:
Execution failed for task ':compileJava'.
> Compilation failed; see the compiler error output for details.

* Try:
> Run with --info option to get more log output.
> Run with --scan to get full insights.

Deprecated Gradle features were used in this build, making it incompatible with Gradle 9.0.

You can use '--warning-mode all' to show the individual deprecation warnings and determine if they come from your own scripts or plugins.

For more on this, please refer to https://docs.gradle.org/8.5/userguide/command_line_interface.html#sec:command_line_warnings in the Gradle documentation.

BUILD FAILED in 37s
4 actionable tasks: 4 executed
